login,full_name,created_at,stargazers_count,watchers_count,language,has_projects,has_wiki,license_name
emmabostian,emmabostian/developer-portfolios,2019-09-13T14:18:58Z,7321,7321,null,true,true,null
emmabostian,emmabostian/emmabostian,2020-07-28T09:33:51Z,5,5,null,true,true,null
emmabostian,emmabostian/fem-css-foundations,2023-04-15T06:27:55Z,81,81,HTML,true,false,null
emmabostian,emmabostian/Front-End-FAQ,2018-11-01T07:47:51Z,694,694,null,true,true,other
emmabostian,emmabostian/badass-conference-talks,2019-08-05T16:42:39Z,488,488,null,true,true,null
emmabostian,emmabostian/oop-js,2023-04-24T16:05:51Z,3,3,JavaScript,true,true,null
emmabostian,emmabostian/blog,2020-03-24T19:21:47Z,16,16,JavaScript,true,true,mit
emmabostian,emmabostian/gatsby-blog-tutorial,2019-12-22T10:02:48Z,13,13,JavaScript,true,true,mit
emmabostian,emmabostian/portfolio,2019-12-17T13:05:56Z,9,9,JavaScript,true,true,mit
emmabostian,emmabostian/emmas-awesome-portfolio,2019-08-14T09:04:57Z,9,9,CSS,true,true,mit
emmabostian,emmabostian/FEM-design-systems-docs,2020-03-10T14:23:16Z,18,18,JavaScript,true,true,other
emmabostian,emmabostian/gatsby-blog,2018-10-11T15:44:19Z,33,33,JavaScript,true,true,mit
emmabostian,emmabostian/fem-design-systems,2020-02-17T17:26:11Z,520,520,JavaScript,true,true,null
emmabostian,emmabostian/react-spring-conference-talk,2020-02-08T01:47:40Z,21,21,JavaScript,true,true,null
emmabostian,emmabostian/gatsby-theme-styleguide,2019-07-09T07:35:50Z,14,14,JavaScript,true,true,null
emmabostian,emmabostian/component-library,2020-01-23T12:27:45Z,5,5,JavaScript,true,true,null
emmabostian,emmabostian/random-cat-generator,2019-04-26T16:59:54Z,18,18,JavaScript,true,true,null
emmabostian,emmabostian/design-inspiration,2019-03-26T08:58:16Z,1031,1031,null,true,true,null
emmabostian,emmabostian/lol,2020-09-17T17:04:01Z,35,35,JavaScript,true,true,other
emmabostian,emmabostian/now-playing-profile,2020-07-28T09:54:56Z,2,2,null,true,false,null
emmabostian,emmabostian/my-awesome-design-system,2020-03-12T21:58:16Z,11,11,JavaScript,true,true,null
emmabostian,emmabostian/eb-component-library-test,2020-01-27T09:28:07Z,2,2,null,true,true,mit
emmabostian,emmabostian/create-react-library-with-styled-components,2020-01-27T10:21:24Z,2,2,null,true,true,null
emmabostian,emmabostian/react-spring-animated-image-gallery,2019-12-22T19:17:20Z,3,3,JavaScript,true,true,null
emmabostian,emmabostian/react-spring-animated-menu,2019-12-22T19:02:33Z,1,1,JavaScript,true,true,null
emmabostian,emmabostian/react-spring-animated-modal,2019-12-22T18:29:26Z,3,3,JavaScript,true,true,null
emmabostian,emmabostian/lmi-chapter-day,2019-12-17T10:23:07Z,2,2,CSS,true,true,null
emmabostian,emmabostian/building-a-portfolio-with-gatsby,2019-08-24T18:42:42Z,12,12,CSS,true,true,mit
emmabostian,emmabostian/gatsby-intro,2019-07-08T11:52:15Z,2,2,JavaScript,true,true,mit
emmabostian,emmabostian/css-animations,2019-03-18T14:36:55Z,15,15,CSS,true,true,null
emmabostian,emmabostian/react-button,2019-04-14T07:26:48Z,52,52,JavaScript,true,true,null
emmabostian,emmabostian/chameleon-styleguide,2019-04-17T12:10:45Z,3,3,CSS,true,true,mit
emmabostian,emmabostian/dev.to,2019-04-14T06:43:34Z,5,5,Ruby,true,true,agpl-3.0
emmabostian,emmabostian/styleguide-template,2019-04-10T11:17:36Z,5,5,null,true,true,null
emmabostian,emmabostian/web-development-for-beginners,2019-03-16T09:40:51Z,7,7,HTML,true,true,null
emmabostian,emmabostian/find-a-mentor,2019-02-26T14:28:36Z,12,12,JavaScript,true,true,mit
emmabostian,emmabostian/my-test-website,2019-01-14T11:35:41Z,1,1,HTML,true,true,null
emmabostian,emmabostian/pink-vs-code-theme,2018-12-25T21:16:16Z,10,10,null,true,true,null
emmabostian,emmabostian/complete-intro-to-react,2019-04-01T07:50:25Z,9,9,JavaScript,true,true,mit
emmabostian,emmabostian/is-even-number,2018-11-29T15:34:50Z,3,3,JavaScript,true,true,null
emmabostian,emmabostian/gatsby,2018-11-13T19:30:03Z,1,1,JavaScript,true,false,mit
emmabostian,emmabostian/coding-coach,2018-10-30T15:53:17Z,0,0,JavaScript,true,true,null
emmabostian,emmabostian/flexbox-vs-grid,2018-09-25T10:17:26Z,3,3,JavaScript,true,true,mit
emmabostian,emmabostian/how-to-become-a-web-developer,2018-03-06T16:40:05Z,32,32,JavaScript,true,true,mit
emmabostian,emmabostian/planIt,2018-09-21T12:42:05Z,2,2,JavaScript,true,true,mit
emmabostian,emmabostian/react-redux-recipes,2018-08-15T17:29:17Z,2,2,JavaScript,true,true,null
emmabostian,emmabostian/react-recipes,2018-08-11T05:52:30Z,8,8,JavaScript,true,true,null
emmabostian,emmabostian/web-a11y,2018-05-24T15:56:15Z,3,3,JavaScript,true,true,mit
emmabostian,emmabostian/how-to-become-a-web-developer-example,2018-05-15T13:45:53Z,5,5,JavaScript,true,true,null
emmabostian,emmabostian/react-bookshelf,2018-04-26T10:00:12Z,1,1,JavaScript,true,true,null
emmabostian,emmabostian/react-todo,2018-03-27T10:01:00Z,2,2,JavaScript,true,true,null
emmabostian,emmabostian/node-sandbox,2017-12-01T16:02:05Z,0,0,null,true,true,null
emmabostian,emmabostian/webpack-starter,2017-09-20T12:29:45Z,0,0,JavaScript,true,true,null
emmabostian,emmabostian/q-experience-guide,2017-08-13T22:23:56Z,0,0,HTML,true,true,null
emmabostian,emmabostian/qiskit-sdk-py,2017-08-07T17:03:12Z,2,2,Python,true,true,apache-2.0
emmabostian,emmabostian/react-grocery-list,2017-07-06T16:27:02Z,1,1,JavaScript,true,true,null
emmabostian,emmabostian/react-app,2017-07-06T15:19:29Z,0,0,JavaScript,true,true,null
emmabostian,emmabostian/react-boilerplate,2017-05-03T15:19:35Z,1,1,JavaScript,true,true,mit
emmabostian,emmabostian/bluemix-example,2017-02-23T21:37:24Z,0,0,CSS,true,true,null
emmabostian,emmabostian/gulp-template,2017-01-05T01:10:57Z,3,3,JavaScript,true,true,null
emmabostian,emmabostian/boilerplate-code,2017-01-04T02:44:57Z,0,0,JavaScript,true,true,null
emilk,emilk/egui,2019-01-13T15:39:15Z,22222,22222,Rust,false,true,apache-2.0
emilk,emilk/egui_plot,2024-07-15T13:26:48Z,85,85,Rust,false,true,apache-2.0
emilk,emilk/eframe_template,2020-12-19T20:54:21Z,802,802,Rust,true,true,apache-2.0
emilk,emilk/ehttp,2021-09-03T18:26:44Z,322,322,Rust,true,true,apache-2.0
emilk,emilk/this-week-in-rust,2024-02-13T07:14:13Z,2,2,null,true,true,null
emilk,emilk/loguru,2015-03-22T17:45:23Z,1783,1783,C++,true,true,unlicense
emilk,emilk/winit,2021-09-29T17:36:52Z,4,4,Rust,true,true,apache-2.0
emilk,emilk/music_theory,2023-10-29T16:14:37Z,12,12,Rust,true,true,null
emilk,emilk/egui_presentation,2023-08-23T14:47:22Z,16,16,Rust,true,true,null
emilk,emilk/pga,2021-02-16T16:03:40Z,51,51,Rust,true,true,apache-2.0
emilk,emilk/image-decode-bench,2023-06-11T20:30:13Z,2,2,HTML,true,true,null
emilk,emilk/eterm,2021-09-11T15:18:20Z,81,81,Rust,true,true,apache-2.0
emilk,emilk/rayon_test,2023-02-16T07:48:08Z,4,4,Rust,true,true,null
emilk,emilk/cargo-deny,2023-03-02T14:29:53Z,1,1,null,true,true,apache-2.0
emilk,emilk/egui-pure-glow,2023-01-27T08:01:08Z,3,3,Rust,true,true,null
emilk,emilk/binandlib,2023-01-25T14:44:00Z,2,2,Rust,true,true,apache-2.0
emilk,emilk/hobogo,2018-11-19T08:00:17Z,33,33,Rust,true,true,null
emilk,emilk/egui_dock,2022-12-11T14:30:15Z,8,8,null,true,true,mit
emilk,emilk/bevy,2022-03-07T15:28:18Z,1,1,null,true,false,other
emilk,emilk/ureq,2022-02-04T14:01:49Z,2,2,null,true,false,apache-2.0
emilk,emilk/tts-rs,2022-02-04T15:20:09Z,0,0,null,true,true,null
emilk,emilk/rust-xcb,2022-02-04T13:17:43Z,0,0,null,true,true,other
emilk,emilk/egui_winit_ash_vk_mem,2021-07-28T23:32:16Z,0,0,null,true,true,apache-2.0
emilk,emilk/puffin_egui,2021-05-05T17:20:35Z,45,45,null,true,true,null
emilk,emilk/rust-gamedev.github.io,2021-01-04T22:08:08Z,3,3,null,true,true,null
emilk,emilk/egui-macroquad,2021-08-24T15:17:50Z,0,0,null,true,true,apache-2.0
emilk,emilk/atomic_refcell,2022-01-08T12:14:33Z,0,0,null,true,true,null
emilk,emilk/imgui_software_renderer,2018-04-08T17:03:58Z,267,267,C++,true,true,null
emilk,emilk/wfc,2016-10-02T16:50:38Z,325,325,C,true,true,null
emilk,emilk/ram_bench,2014-04-21T15:37:03Z,117,117,C++,true,true,null
emilk,emilk/wasm-bindgen,2022-11-09T08:39:42Z,0,0,null,true,false,apache-2.0
emilk,emilk/aHash,2022-09-07T14:08:40Z,3,3,null,true,true,apache-2.0
emilk,emilk/emilk,2022-10-03T18:35:46Z,3,3,null,true,true,null
emilk,emilk/document-features,2022-06-10T12:17:06Z,2,2,null,true,false,other
emilk,emilk/ron,2022-08-19T10:05:36Z,1,1,null,true,true,apache-2.0
emilk,emilk/drop-merge-sort,2016-12-27T16:39:29Z,172,172,Rust,true,true,mit
emilk,emilk/userp,2019-09-04T06:48:38Z,9,9,Rust,true,true,null
emilk,emilk/blog,2018-08-07T07:06:31Z,10,10,HTML,true,true,null
emilk,emilk/bevy_egui,2022-02-25T10:30:24Z,0,0,null,true,true,mit
emilk,emilk/Configuru,2015-11-08T18:36:50Z,141,141,C++,true,true,null
emilk,emilk/rust_debug_test,2022-03-09T13:25:37Z,1,1,Rust,true,true,null
emilk,emilk/emilib,2016-02-20T10:09:05Z,348,348,C++,true,true,null
emilk,emilk/miniquad,2021-01-22T20:10:24Z,0,0,null,true,true,apache-2.0
emilk,emilk/macroquad,2021-04-16T09:02:29Z,2,2,null,true,true,apache-2.0
emilk,emilk/snake_case,2019-09-24T13:37:21Z,7,7,Rust,true,true,mit
emilk,emilk/egui-miniquad,2021-01-22T20:13:34Z,1,1,Rust,true,true,null
emilk,emilk/field_interpolation,2017-01-24T14:40:23Z,17,17,C++,true,true,null
emilk,emilk/rust-autograd,2020-12-25T15:36:22Z,1,1,null,true,true,mit
emilk,emilk/glam-rs,2020-11-18T10:59:34Z,1,1,null,true,true,apache-2.0
emilk,emilk/areweguiyet,2020-11-15T14:14:43Z,1,1,null,true,true,null
emilk,emilk/econtext,2020-06-07T10:52:34Z,6,6,Rust,true,true,apache-2.0
emilk,emilk/cargo-geiger,2020-01-20T09:25:28Z,0,0,null,true,true,null
emilk,emilk/arrow,2019-10-28T09:43:49Z,1,1,null,true,false,apache-2.0
emilk,emilk/rust-rdkafka,2019-10-25T07:32:30Z,0,0,null,true,true,mit
emilk,emilk/reference,2019-09-29T16:47:41Z,0,0,null,true,false,apache-2.0
emilk,emilk/emath,2017-03-27T18:03:51Z,11,11,C++,true,true,null
emilk,emilk/rfcs,2019-06-05T16:21:43Z,0,0,Shell,true,false,apache-2.0
emilk,emilk/Dual-Contouring,2015-09-09T06:34:39Z,87,87,C++,true,true,null
emilk,emilk/sol,2013-08-29T05:54:36Z,70,70,Lua,true,true,null
emilk,emilk/bon,2013-03-07T17:48:12Z,21,21,C++,true,true,other
emilk,emilk/alignify,2013-01-16T11:19:01Z,7,7,Python,true,true,null
emilk,emilk/plane_planner,2016-11-09T17:59:22Z,1,1,JavaScript,true,true,null
emilk,emilk/nativejson-benchmark,2015-12-17T21:01:27Z,1,1,JavaScript,true,true,mit
emilk,emilk/imgui,2015-05-24T08:36:04Z,2,2,C++,true,false,mit
emilk,emilk/package_control_channel,2015-04-28T20:17:24Z,1,1,Python,true,false,null
emilk,emilk/luastrip,2014-08-09T09:59:01Z,4,4,C++,true,true,null
emilk,emilk/webgl,2014-07-28T06:08:31Z,1,1,null,true,true,null
emilk,emilk/list_traversal,2014-04-21T14:08:51Z,1,1,null,true,true,null
emilk,emilk/LuaMinify,2013-07-02T08:58:47Z,1,1,Lua,true,true,null
emilk,emilk/urlbot,2013-05-10T12:46:45Z,3,3,Python,true,true,null
emilk,emilk/sproxel,2013-03-09T15:37:18Z,15,15,Python,true,true,bsd-3-clause
mpj,mpj/create-react-app,2016-11-28T16:38:56Z,7,7,JavaScript,true,true,other
mpj,mpj/probably-summer,2024-09-08T15:53:41Z,1,1,JavaScript,true,true,null
mpj,mpj/testacular,2013-02-18T18:23:17Z,0,0,JavaScript,true,true,mit
mpj,mpj/submarinegame,2012-06-16T11:38:04Z,1,1,JavaScript,true,true,null
mpj,mpj/inheritance,2012-06-26T18:26:48Z,1,1,JavaScript,true,true,null
mpj,mpj/caloriestreak,2012-06-27T20:52:40Z,1,1,JavaScript,true,true,null
mpj,mpj/kodaporstockholm,2012-03-23T16:48:36Z,1,1,JavaScript,true,true,null
mpj,mpj/landergame,2012-06-16T14:31:37Z,2,2,JavaScript,true,true,null
mpj,mpj/quickpagetemplate,2012-06-16T14:40:21Z,3,3,JavaScript,true,true,null
mpj,mpj/fffish,2011-11-20T20:47:03Z,1,1,JavaScript,true,true,null
mpj,mpj/spotifympj,2012-04-01T17:05:44Z,3,3,JavaScript,true,true,null
mpj,mpj/madeforwalking,2012-06-05T20:09:06Z,1,1,JavaScript,true,true,null
mpj,mpj/errorii,2011-11-13T18:09:28Z,1,1,JavaScript,true,true,null
mpj,mpj/subquery-indexer-toolkit,2024-04-19T12:27:35Z,0,0,null,true,true,null
mpj,mpj/maximumsheep-web,2019-06-05T12:59:08Z,7,7,JavaScript,true,true,null
mpj,mpj/funfuniterators,2018-04-04T18:09:34Z,20,20,JavaScript,true,true,null
mpj,mpj/funfunfield,2018-08-27T13:15:13Z,12,12,JavaScript,true,true,null
mpj,mpj/funfunfruitmachine,2018-08-23T18:56:04Z,5,5,JavaScript,true,true,null
mpj,mpj/better-playlists,2017-08-21T12:25:50Z,72,72,JavaScript,true,true,null
mpj,mpj/junction-example,2018-03-26T07:43:56Z,26,26,JavaScript,true,true,mit
mpj,mpj/ffforumautomator,2017-08-18T16:59:16Z,25,25,JavaScript,true,true,null
mpj,mpj/snurra,2017-12-07T14:17:57Z,18,18,JavaScript,true,true,mit
mpj,mpj/wasm-rust-example,2017-11-27T13:40:48Z,51,51,HTML,true,true,null
mpj,mpj/oauth-ruby,2011-06-29T22:42:50Z,1,1,Ruby,true,true,mit
mpj,mpj/funfunautomator,2018-02-13T18:00:45Z,25,25,JavaScript,true,true,mit
mpj,mpj/playlist-launchdarkly,2018-02-14T14:35:19Z,0,0,JavaScript,true,true,null
mpj,mpj/myvoicething,2018-02-02T14:58:00Z,25,25,JavaScript,true,true,null
mpj,mpj/supercalc,2018-01-16T16:02:31Z,2,2,JavaScript,true,true,null
mpj,mpj/playlist-app-launchdarkly,2018-01-08T16:21:49Z,6,6,JavaScript,true,true,null
mpj,mpj/react-redux-starter-kit,2017-07-09T09:37:01Z,2,2,JavaScript,true,true,mit
mpj,mpj/funfunapp,2017-07-13T14:03:14Z,24,24,JavaScript,true,true,mit
mpj,mpj/unprecedented-midwife,2017-02-27T07:48:00Z,148,148,JavaScript,true,true,null
mpj,mpj/substrate-test-1,2021-06-25T07:53:49Z,1,1,Rust,true,true,unlicense
mpj,mpj/fff-graphql-example,2017-09-16T07:45:43Z,5,5,JavaScript,true,true,null
mpj,mpj/fff-graphql-goodreads,2017-09-16T13:01:19Z,116,116,JavaScript,true,true,mit
mpj,mpj/oauth-bridge-template,2017-08-22T14:12:03Z,199,199,JavaScript,true,true,mit
mpj,mpj/sproutguides,2011-03-09T10:29:39Z,1,1,null,true,false,null
mpj,mpj/subql-helloworld,2021-10-02T04:48:24Z,0,0,TypeScript,true,true,null
mpj,mpj/subquery-test,2021-07-29T12:15:56Z,0,0,null,true,true,null
mpj,mpj/fpjs8,2015-08-29T10:44:03Z,78,78,JavaScript,true,true,mit
mpj,mpj/supersniff,2017-09-15T14:59:01Z,131,131,JavaScript,true,true,mit
mpj,mpj/returnmeto,2019-03-15T10:31:28Z,3,3,JavaScript,true,true,null
mpj,mpj/unit-testing-series,2017-12-10T20:14:01Z,22,22,JavaScript,true,true,null
mpj,mpj/cors-funfunforum,2018-02-12T14:56:44Z,1,1,JavaScript,true,true,null
mpj,mpj/web-api-auth-examples,2017-08-22T13:33:02Z,2,2,HTML,true,true,apache-2.0
mpj,mpj/iteam.se,2017-04-05T13:15:15Z,0,0,HTML,true,true,null
mpj,mpj/docs,2016-10-30T12:10:26Z,0,0,HTML,true,true,null
mpj,mpj/auth0-nodejs-webapp-sample,2017-02-06T20:12:10Z,3,3,JavaScript,true,true,null
mpj,mpj/unpkg.com,2016-10-11T07:42:07Z,0,0,JavaScript,true,false,null
mpj,mpj/eddystone,2016-09-23T12:25:27Z,0,0,C,true,false,apache-2.0
mpj,mpj/webAudioApi,2016-09-19T13:12:27Z,1,1,HTML,true,true,null
mpj,mpj/rollbar-android,2016-07-22T17:16:11Z,0,0,Java,true,true,null
mpj,mpj/stockholmhotline,2016-04-16T11:07:46Z,1,1,null,true,true,mit
mpj,mpj/kyrene,2016-02-14T11:35:26Z,17,17,JavaScript,true,true,mit
mpj,mpj/kube-mattermost,2016-04-14T18:30:28Z,1,1,Shell,true,true,apache-2.0
mpj,mpj/find-mismatch-deep,2016-01-06T11:54:28Z,1,1,JavaScript,true,true,mit
mpj,mpj/workroom-lights-killer,2015-11-29T10:27:56Z,48,48,JavaScript,true,false,mit
mpj,mpj/redux-probe,2015-11-02T16:19:41Z,1,1,JavaScript,true,true,mit
mpj,mpj/react-native-webpack-server,2015-10-27T15:52:14Z,5,5,JavaScript,true,true,mit
mpj,mpj/sharkey,2015-09-29T08:16:55Z,0,0,JavaScript,true,true,mit
mpj,mpj/react-transform-boilerplate,2015-10-01T12:59:56Z,2,2,JavaScript,true,true,other
mpj,mpj/foxhollow,2015-08-30T16:53:52Z,0,0,JavaScript,true,true,mit
mpj,mpj/boiler-bay-client-js,2015-08-13T15:06:07Z,0,0,JavaScript,true,true,mit
mpj,mpj/boiler-bay,2015-05-03T08:31:48Z,0,0,Java,true,true,mit
mpj,mpj/spa-base,2015-07-16T08:25:40Z,4,4,JavaScript,true,true,mit
mpj,mpj/cannonville,2015-05-10T17:16:55Z,5,5,JavaScript,true,true,mit
mpj,mpj/alladin,2015-04-11T17:23:24Z,2,2,JavaScript,true,true,null
mpj,mpj/kafka-node,2015-04-15T17:31:49Z,0,0,JavaScript,true,true,mit
mpj,mpj/eventthing,2015-04-03T21:24:22Z,0,0,JavaScript,true,true,null
mpj,mpj/snurra-gate,2015-01-30T15:27:03Z,0,0,null,true,true,mit
mpj,mpj/rust,2015-01-11T13:14:17Z,0,0,Rust,true,true,other
mpj,mpj/highland,2014-10-06T17:07:27Z,0,0,null,true,true,apache-2.0
mpj,mpj/saltmineapp-client-web,2014-12-22T15:35:41Z,0,0,JavaScript,true,true,mit
mpj,mpj/saltmineapp-server,2014-12-22T22:41:11Z,0,0,JavaScript,true,true,null
mpj,mpj/ardodnu,2014-11-19T20:47:07Z,1,1,JavaScript,true,true,mit
mpj,mpj/stellar-slurper,2014-10-25T15:50:33Z,0,0,null,true,true,mit
mpj,mpj/request-through,2014-10-08T15:31:16Z,0,0,CoffeeScript,true,true,null
mpj,mpj/coffee-mocha-npm-template,2014-07-25T13:56:43Z,0,0,CoffeeScript,true,true,null
mpj,mpj/snurra-request-response,2014-10-07T19:03:24Z,0,0,CoffeeScript,true,true,null
mpj,mpj/snurra-socket,2014-10-06T18:14:15Z,0,0,CoffeeScript,true,true,null
mpj,mpj/stellar-watch,2014-10-01T17:08:13Z,1,1,CoffeeScript,true,true,mit
mpj,mpj/prime,2014-09-18T14:31:45Z,0,0,null,true,true,null
mpj,mpj/stellar-transactions-stream,2014-08-16T13:47:52Z,0,0,CoffeeScript,true,true,mit
mpj,mpj/run-thing,2014-02-20T21:55:43Z,0,0,JavaScript,true,true,mit
mpj,mpj/bus-thing,2014-02-09T21:57:05Z,1,1,JavaScript,true,true,mit
mpj,mpj/spec-thing,2014-02-15T12:58:03Z,0,0,JavaScript,true,true,mit
mpj,mpj/beautiful-lies,2012-10-25T00:00:02Z,3,3,CoffeeScript,true,true,mit
mpj,mpj/peer-dependency-cleaner,2014-04-23T10:19:32Z,5,5,JavaScript,true,true,mit
mpj,mpj/tree-thing,2014-01-12T16:52:12Z,1,1,JavaScript,true,true,mit
mpj,mpj/pipes-runner,2013-12-29T12:48:43Z,0,0,JavaScript,true,true,mit
mpj,mpj/pouchdb,2013-12-15T13:53:35Z,0,0,JavaScript,true,true,apache-2.0
mpj,mpj/ohbusyme,2013-08-21T16:03:49Z,0,0,JavaScript,true,true,null
mpj,mpj/bootstrap,2013-08-22T06:10:44Z,0,0,JavaScript,true,false,apache-2.0
mpj,mpj/brainwallet.github.com,2013-08-26T20:37:55Z,0,0,JavaScript,true,true,other
mpj,mpj/zerohive,2013-07-14T18:01:49Z,0,0,JavaScript,true,true,null
mpj,mpj/cookingwith,2013-06-23T17:38:47Z,0,0,JavaScript,true,true,null
mpj,mpj/git-pa-svenska,2014-03-18T09:32:28Z,0,0,null,true,true,null
mpj,mpj/fitbit-data-provider,2013-02-04T19:52:52Z,0,0,JavaScript,true,true,null
mpj,mpj/fragasverige,2013-03-28T22:48:13Z,0,0,JavaScript,true,true,null
mpj,mpj/frp-test,2013-03-13T10:34:57Z,0,0,JavaScript,true,true,null
mpj,mpj/sweet-spot-provider,2013-03-03T15:39:46Z,0,0,JavaScript,true,true,null
mpj,mpj/provider-template,2013-03-03T09:28:17Z,0,0,JavaScript,true,true,null
mpj,mpj/fitbit-js,2012-06-02T12:09:32Z,1,1,JavaScript,true,true,null
mpj,mpj/templatify,2013-02-21T14:49:08Z,0,0,JavaScript,true,true,null
mpj,mpj/spotify-knockout,2013-02-19T15:13:20Z,1,1,JavaScript,true,true,null
mpj,mpj/knockout-deferred-updates,2013-03-08T13:09:03Z,0,0,JavaScript,true,true,null
mpj,mpj/knockout,2012-11-16T10:27:25Z,0,0,JavaScript,true,true,null
mpj,mpj/powerpinkplay,2012-04-30T03:10:49Z,28,28,JavaScript,true,true,null
mpj,mpj/rivets,2012-10-24T22:34:14Z,0,0,JavaScript,true,true,mit
mpj,mpj/BigText,2012-10-07T15:11:10Z,0,0,JavaScript,true,true,other
mpj,mpj/usergroupse.github.com,2012-10-27T08:38:31Z,0,0,JavaScript,true,true,null
mpj,mpj/meteormonkey,2012-07-30T13:07:43Z,1,1,null,true,true,null
mpj,mpj/heroku-buildpack-nodejs,2012-07-02T16:54:25Z,1,1,Shell,true,true,mit
mpj,mpj/meteor,2012-07-06T12:28:30Z,1,1,JavaScript,true,true,other
mpj,mpj/restaurants,2012-06-20T15:58:54Z,1,1,null,true,true,null
mpj,mpj/heroku-meteor-npm,2012-07-02T16:56:30Z,1,1,JavaScript,true,true,null
mpj,mpj/nomoneparser,2012-05-25T09:24:33Z,1,1,CoffeeScript,true,true,null
mpj,mpj/wienerschnitzel-web,2012-05-12T07:09:24Z,1,1,JavaScript,true,true,null
mpj,mpj/mocha-in-browser,2012-07-02T18:11:44Z,1,1,JavaScript,true,true,null
mpj,mpj/collabplay,2012-04-21T12:21:33Z,1,1,JavaScript,true,true,null
mpj,mpj/nomma,2012-04-11T17:54:52Z,1,1,JavaScript,true,true,null
mpj,mpj/B02,2012-04-14T08:43:44Z,1,1,null,true,true,null
mpj,mpj/heroku-buildpack-meteor,2012-07-02T16:55:18Z,1,1,null,true,true,null
mpj,mpj/ticket-lottery,2012-03-25T21:29:29Z,16,16,JavaScript,true,false,null
mpj,mpj/Lord-of-the-Files,2012-02-21T16:01:10Z,1,1,null,true,true,other
mpj,mpj/node,2012-02-08T23:37:42Z,1,1,JavaScript,true,true,other
mpj,mpj/JavaScript-Garden,2012-01-25T10:33:03Z,2,2,JavaScript,true,true,mit
mpj,mpj/vows,2012-01-22T11:56:23Z,1,1,JavaScript,true,true,mit
mpj,mpj/node-apn,2011-12-07T22:08:09Z,1,1,JavaScript,true,true,mit
mpj,mpj/as3corelib,2011-10-21T09:05:24Z,1,1,ActionScript,true,true,null
mpj,mpj/imastupidcat,2011-08-02T21:40:00Z,1,1,Ruby,true,true,null
mpj,mpj/translatingturk,2011-06-15T16:44:44Z,1,1,Ruby,true,true,null
mpj,mpj/allmaktisverige,2010-06-29T16:26:58Z,2,2,Ruby,true,true,null
mpj,mpj/jaycut-dotnet-example,2010-08-20T10:47:46Z,2,2,C#,true,true,null
mpj,mpj/nomdb,2010-10-31T13:43:48Z,1,1,Ruby,true,true,null
mpj,mpj/as3-gettext,2010-09-22T16:27:26Z,2,2,ActionScript,true,true,lgpl-3.0
mpj,mpj/realie,2011-08-04T13:04:30Z,1,1,JavaScript,true,true,null
mpj,mpj/jaycut-rails,2010-08-10T13:58:55Z,2,2,null,true,true,null
mpj,mpj/rails,2010-08-02T16:56:46Z,1,1,Ruby,true,true,null
mpj,mpj/html5wheeldemo,2010-07-23T15:28:15Z,1,1,JavaScript,true,true,null
mpj,mpj/rainfall,2011-09-21T15:13:55Z,1,1,null,true,true,null
mpj,mpj/mpj,2012-03-09T21:38:51Z,1,1,null,true,true,null
hrydgard,hrydgard/ppsspp,2012-11-01T08:41:48Z,11232,11232,C++,true,true,other
hrydgard,hrydgard/ppsspp-site,2022-10-05T20:05:57Z,58,58,Rust,false,true,null
hrydgard,hrydgard/ppsspp-lua,2024-10-23T23:36:28Z,3,3,C,true,false,null
hrydgard,hrydgard/minitrace,2014-03-26T15:05:16Z,372,372,C++,true,true,mit
hrydgard,hrydgard/minidx9,2013-09-15T14:00:24Z,37,37,C++,true,true,null
hrydgard,hrydgard/wgpu-winit-android-example,2024-01-23T19:17:31Z,4,4,Rust,true,true,null
hrydgard,hrydgard/ppsspp-moltenvk,2024-05-20T21:06:43Z,2,2,null,true,true,null
hrydgard,hrydgard/lyon,2024-03-08T10:29:57Z,1,1,null,true,true,other
hrydgard,hrydgard/ppsspp-mac-sdl,2021-09-16T06:51:29Z,0,0,C,true,true,null
hrydgard,hrydgard/rcheevos,2023-07-11T14:26:54Z,3,3,C,true,true,mit
hrydgard,hrydgard/verysleepy,2023-12-20T00:48:36Z,3,3,null,true,true,gpl-2.0
hrydgard,hrydgard/ppsspp-ffmpeg,2013-04-25T08:19:19Z,61,61,C,true,true,other
hrydgard,hrydgard/libchdr,2023-09-22T16:09:04Z,1,1,null,true,true,bsd-3-clause
hrydgard,hrydgard/naett,2023-07-18T15:05:24Z,1,1,C,true,false,mit
hrydgard,hrydgard/SDL_GameControllerDB,2023-09-07T09:57:48Z,4,4,null,true,false,zlib
hrydgard,hrydgard/pspautotests,2012-11-09T08:18:35Z,53,53,C++,true,true,other
hrydgard,hrydgard/SPIRV-Cross,2017-03-07T08:55:07Z,1,1,C++,true,true,apache-2.0
hrydgard,hrydgard/dirtree-json,2023-01-17T13:57:48Z,7,7,Rust,true,true,null
hrydgard,hrydgard/glslang,2016-12-09T14:58:34Z,2,2,C++,true,true,other
hrydgard,hrydgard/Vulkan-ValidationLayers,2022-10-26T09:44:58Z,2,2,null,true,true,other
hrydgard,hrydgard/mod_player,2022-04-04T09:52:36Z,3,3,null,true,true,mit
hrydgard,hrydgard/egui-gizmo,2022-03-20T11:12:24Z,0,0,null,true,true,mit
hrydgard,hrydgard/gpu-allocator,2022-01-15T14:48:18Z,1,1,null,true,true,apache-2.0
hrydgard,hrydgard/wasapi-rs,2022-01-25T23:02:07Z,1,1,null,true,true,mit
hrydgard,hrydgard/ppsspp-lang,2013-04-23T15:49:00Z,49,49,null,true,true,null
hrydgard,hrydgard/shader-prepper,2021-07-03T08:49:09Z,1,1,null,true,true,mit
hrydgard,hrydgard/egui,2021-06-30T08:41:03Z,1,1,null,true,true,apache-2.0
hrydgard,hrydgard/hrydgard,2021-06-09T22:08:15Z,3,3,null,true,false,null
hrydgard,hrydgard/miniupnp,2020-07-21T21:31:02Z,2,2,C,true,true,other
hrydgard,hrydgard/image-png,2020-12-27T14:35:04Z,1,1,null,true,true,apache-2.0
hrydgard,hrydgard/openscad-models,2018-12-28T14:50:13Z,3,3,OpenSCAD,true,true,null
hrydgard,hrydgard/ra-vec4-repro,2020-11-15T10:08:39Z,1,1,Rust,true,true,null
hrydgard,hrydgard/ppsspp-freetype,2020-02-29T11:14:08Z,4,4,C,true,true,null
hrydgard,hrydgard/glam-rs,2019-12-19T16:52:35Z,0,0,null,true,true,apache-2.0
hrydgard,hrydgard/cc-rs,2019-11-01T10:28:25Z,3,3,null,true,false,apache-2.0
hrydgard,hrydgard/armips,2014-11-29T10:28:53Z,1,1,C++,true,true,mit
hrydgard,hrydgard/ImGuizmo,2018-11-19T13:08:49Z,0,0,C++,true,true,mit
hrydgard,hrydgard/VK-GL-CTS,2018-11-06T12:21:33Z,1,1,C++,true,true,apache-2.0
hrydgard,hrydgard/dolphin,2018-03-12T22:40:14Z,8,8,C++,true,true,gpl-2.0
hrydgard,hrydgard/besserwisser,2018-03-05T16:03:30Z,4,4,C++,true,true,mit
hrydgard,hrydgard/yuzu,2018-01-15T17:27:42Z,7,7,C++,true,true,gpl-2.0
hrydgard,hrydgard/AltSoftSerial,2018-02-03T10:56:51Z,1,1,C,true,true,null
hrydgard,hrydgard/citra,2016-04-24T11:32:36Z,5,5,C++,true,true,gpl-2.0
hrydgard,hrydgard/minimal-site-generator,2017-03-28T14:55:30Z,7,7,Makefile,true,true,null
hrydgard,hrydgard/Cxbx-Reloaded,2017-03-23T20:39:59Z,4,4,C++,true,true,gpl-2.0
hrydgard,hrydgard/collada-dom,2016-12-11T13:34:06Z,0,0,C++,true,true,null
hrydgard,hrydgard/ppsspp-glslang,2016-02-17T20:21:43Z,1,1,C++,true,true,null
hrydgard,hrydgard/HLSLcc,2016-11-16T22:35:11Z,0,0,C++,true,true,other
hrydgard,hrydgard/tinyrenderer,2016-03-11T09:42:06Z,0,0,C++,true,true,null
hrydgard,hrydgard/Vulkan-Docs,2016-02-24T11:58:00Z,1,1,C,true,true,null
hrydgard,hrydgard/native,2012-03-24T22:38:45Z,74,74,C,true,false,other
hrydgard,hrydgard/storeutil,2015-06-28T21:55:59Z,2,2,Go,true,true,null
hrydgard,hrydgard/dotfiles,2012-01-21T09:23:53Z,3,3,VimL,true,true,null
hrydgard,hrydgard/ppsspp-redist,2013-10-15T09:24:03Z,2,2,null,true,true,null
hrydgard,hrydgard/LZMA-SDK,2014-10-20T20:05:57Z,1,1,C++,true,true,null
hrydgard,hrydgard/lzmaSDK,2014-10-21T19:54:58Z,1,1,null,true,true,null
hrydgard,hrydgard/martian-dice,2014-07-13T17:32:51Z,1,1,Go,true,true,null
hrydgard,hrydgard/nodeprep,2014-06-27T13:06:56Z,3,3,Python,true,true,bsd-2-clause
hrydgard,hrydgard/ppsspp-ffmpeg-history,2013-10-19T21:31:47Z,0,0,C,true,true,other
hrydgard,hrydgard/boatrage,2012-05-24T21:16:12Z,7,7,C++,true,true,null
eriklindernoren,eriklindernoren/PyTorch-GAN,2018-04-21T13:06:40Z,16386,16386,Python,true,true,mit
eriklindernoren,eriklindernoren/PyTorch-Deep-Dream,2019-03-23T19:17:11Z,146,146,Python,true,true,mit
eriklindernoren,eriklindernoren/PyTorch-YOLOv3,2018-05-21T16:05:55Z,7317,7317,Python,true,true,gpl-3.0
eriklindernoren,eriklindernoren/ML-From-Scratch,2017-02-05T12:11:23Z,23942,23942,Python,true,true,mit
eriklindernoren,eriklindernoren/NapkinML,2018-01-25T15:56:30Z,557,557,Python,true,true,mit
eriklindernoren,eriklindernoren/Keras-GAN,2017-07-11T16:24:53Z,9183,9183,Python,true,true,mit
eriklindernoren,eriklindernoren/Fast-Neural-Style-Transfer,2019-04-11T19:02:48Z,345,345,Python,true,true,mit
eriklindernoren,eriklindernoren/Action-Recognition,2019-04-06T12:25:12Z,181,181,Python,true,true,null
eriklindernoren,eriklindernoren/SemSegGUI,2019-06-08T17:19:48Z,11,11,C++,true,true,null
eriklindernoren,eriklindernoren/SSD-Tensorflow,2019-02-08T22:03:25Z,2,2,Jupyter Notebook,true,true,null
eriklindernoren,eriklindernoren/PFTA-Final-Assignment,2017-12-16T16:56:36Z,4,4,Jupyter Notebook,true,true,mit
eriklindernoren,eriklindernoren/Object-Detection,2017-11-30T11:09:57Z,6,6,Python,true,true,null
eriklindernoren,eriklindernoren/eriklindernoren.se,2015-05-10T14:55:14Z,20,20,CSS,true,true,null
eriklindernoren,eriklindernoren/awesome-machine-learning,2017-08-19T20:58:37Z,31,31,Python,true,true,other
eriklindernoren,eriklindernoren/GoogleTTS,2016-11-30T11:18:38Z,6,6,Shell,true,true,null
eriklindernoren,eriklindernoren/HomeAssistant,2016-11-26T21:07:07Z,15,15,JavaScript,true,true,null
eriklindernoren,eriklindernoren/TBMI26-Neural-Networks,2017-02-03T09:37:40Z,5,5,Matlab,true,true,null
eriklindernoren,eriklindernoren/TAOP33-Combinatorial-Optimization,2016-12-09T15:52:04Z,0,0,Matlab,true,true,null
eriklindernoren,eriklindernoren/TDDB68-PintOS,2016-05-27T12:40:33Z,0,0,C,true,true,null
eriklindernoren,eriklindernoren/TDDC17-Artificial-Intelligence,2016-09-29T17:24:53Z,3,3,JavaScript,true,true,null
eriklindernoren,eriklindernoren/eth-moodi,2015-11-18T18:21:03Z,0,0,PHP,true,true,null
eriklindernoren,eriklindernoren/Sonus-JFugueUI,2015-05-26T21:53:04Z,2,2,Java,true,true,null
eriklindernoren,eriklindernoren/MapApp,2015-05-26T22:15:20Z,0,0,Objective-C,true,true,null
eriklindernoren,eriklindernoren/eth-circle,2015-10-03T12:31:25Z,0,0,CSS,true,true,null
spotify,spotify/dbeam,2017-11-09T13:21:09Z,190,190,Java,false,false,apache-2.0
spotify,spotify/spotify.github.io,2021-07-28T18:54:12Z,102,102,HTML,false,false,apache-2.0
spotify,spotify/futuristic-feline,2021-03-15T20:26:40Z,11,11,Java,true,true,apache-2.0
spotify,spotify/missinglink,2015-06-09T14:18:37Z,146,146,Java,true,true,apache-2.0
spotify,spotify/confidence-sdk-js,2023-08-01T15:56:33Z,9,9,TypeScript,true,false,other
spotify,spotify/scio,2015-03-26T19:07:34Z,2558,2558,Scala,false,false,apache-2.0
spotify,spotify/gcs-tools,2016-09-18T22:21:46Z,73,73,Scala,true,false,apache-2.0
spotify,spotify/conversion-api-tag-template,2024-10-21T17:35:55Z,0,0,Smarty,true,true,apache-2.0
spotify,spotify/github-java-client,2020-04-09T14:55:56Z,129,129,Java,false,false,apache-2.0
spotify,spotify/magnolify,2019-10-16T17:22:31Z,166,166,Scala,true,true,apache-2.0
spotify,spotify/scio-idea-plugin,2016-09-01T16:33:05Z,30,30,Scala,true,false,apache-2.0
spotify,spotify/elitzur,2020-02-26T21:55:16Z,22,22,Scala,true,true,apache-2.0
spotify,spotify/ratatool,2016-08-01T17:33:25Z,342,342,Scala,true,true,apache-2.0
spotify,spotify/voyager,2023-04-13T13:07:27Z,1302,1302,C++,true,true,apache-2.0
spotify,spotify/chartify,2018-09-17T14:12:05Z,3525,3525,Python,true,true,apache-2.0
spotify,spotify/scio.g8,2017-06-08T18:35:18Z,29,29,Scala,false,false,apache-2.0
spotify,spotify/spotify-json,2016-09-23T13:35:41Z,196,196,C++,true,false,apache-2.0
spotify,spotify/fmt-maven-plugin,2016-03-17T16:56:30Z,333,333,Java,true,true,mit
spotify,spotify/ios-sdk,2018-02-12T19:38:32Z,657,657,Objective-C,true,false,null
spotify,spotify/confidence-sdk-flutter,2024-06-28T08:12:10Z,0,0,Dart,true,true,apache-2.0
spotify,spotify/luigi,2012-09-20T15:06:38Z,17809,17809,Python,true,false,apache-2.0
spotify,spotify/ffwd-http-client,2018-08-07T16:48:05Z,3,3,Java,true,true,apache-2.0
spotify,spotify/ffwd-client-java,2014-05-30T16:55:30Z,6,6,Java,true,true,apache-2.0
spotify,spotify/homebrew-public,2014-11-10T16:33:46Z,56,56,Ruby,false,false,apache-2.0
spotify,spotify/pedalboard,2021-07-06T13:04:18Z,5201,5201,C++,false,true,gpl-3.0
spotify,spotify/confidence,2021-03-15T20:56:40Z,260,260,Python,true,true,apache-2.0
spotify,spotify/dockerfile-mode,2013-08-06T17:35:45Z,535,535,Emacs Lisp,true,true,apache-2.0
spotify,spotify/ios-auth,2023-07-31T13:47:43Z,11,11,Objective-C,true,true,apache-2.0
spotify,spotify/mobius,2018-01-19T14:07:51Z,1224,1224,Java,true,true,apache-2.0
spotify,spotify/helios,2014-05-26T02:29:06Z,2112,2112,Java,false,false,apache-2.0
spotify,spotify/confidence-sdk-python,2023-09-01T18:41:19Z,0,0,Python,true,true,apache-2.0
spotify,spotify/SPTDataLoader,2015-01-28T09:40:10Z,629,629,Objective-C,false,false,apache-2.0
spotify,spotify/confidence-sdk-go,2023-09-01T18:42:50Z,2,2,Go,true,true,apache-2.0
spotify,spotify/featran,2017-05-08T17:20:27Z,467,467,Scala,false,true,apache-2.0
spotify,spotify/confidence-sdk-java,2023-09-01T18:43:20Z,3,3,Java,true,true,apache-2.0
spotify,spotify/flink-on-k8s-operator,2021-02-05T18:38:21Z,195,195,Go,false,false,apache-2.0
spotify,spotify/spotify-web-api-ts-sdk,2023-04-14T09:52:22Z,373,373,TypeScript,true,true,other
spotify,spotify/confidence-sdk-swift,2022-12-05T21:00:01Z,18,18,Swift,true,true,apache-2.0
spotify,spotify/tfreader,2020-01-29T22:08:41Z,61,61,Scala,false,false,apache-2.0
spotify,spotify/android-sdk,2018-02-12T19:36:41Z,469,469,HTML,true,false,apache-2.0
spotify,spotify/basic-pitch,2022-05-03T09:10:03Z,3428,3428,Python,true,true,apache-2.0
spotify,spotify/big-data-rosetta-code,2016-02-18T22:29:36Z,290,290,Scala,true,true,apache-2.0
spotify,spotify/realbook,2022-12-14T14:21:58Z,114,114,Python,true,true,apache-2.0
spotify,spotify/puppet-talos,2016-01-07T15:20:47Z,7,7,Puppet,false,false,apache-2.0
spotify,spotify/talos,2015-12-16T12:12:40Z,26,26,Ruby,false,false,apache-2.0
spotify,spotify/lemur,2021-01-07T13:17:15Z,0,0,Python,false,false,apache-2.0
spotify,spotify/dns-java,2014-03-11T13:16:54Z,206,206,Java,true,true,apache-2.0
spotify,spotify/confidence-sdk-android,2023-04-14T09:05:25Z,8,8,Kotlin,true,true,apache-2.0
spotify,spotify/annoy,2013-04-01T20:29:40Z,13208,13208,C++,true,true,apache-2.0
spotify,spotify/semantic-metrics,2016-02-23T15:58:00Z,66,66,Java,true,true,apache-2.0
spotify,spotify/web-api-examples,2014-05-14T08:27:03Z,1990,1990,HTML,true,true,apache-2.0
spotify,spotify/spotify-web-playback-sdk-example,2021-07-28T20:53:26Z,148,148,JavaScript,true,true,apache-2.0
spotify,spotify/causify,2024-07-10T08:53:39Z,0,0,null,true,true,null
spotify,spotify/XCRemoteCache,2021-09-03T15:55:09Z,838,838,Swift,true,true,other
spotify,spotify/confidence-sdk-rust,2024-01-11T12:34:40Z,0,0,Rust,true,true,apache-2.0
spotify,spotify/android-auth,2016-10-17T18:58:26Z,143,143,HTML,true,true,apache-2.0
spotify,spotify/bazel,2024-05-28T18:09:06Z,0,0,null,true,true,apache-2.0
spotify,spotify/ulogger,2017-11-02T19:57:29Z,16,16,Python,true,true,apache-2.0
spotify,spotify/shumway,2017-11-20T20:47:26Z,4,4,Python,true,true,apache-2.0
spotify,spotify/dh-virtualenv,2013-10-09T19:03:43Z,1614,1614,Python,true,true,gpl-2.0
spotify,spotify/XCMetrics,2021-01-19T14:16:09Z,1107,1107,Swift,false,false,other
spotify,spotify/Mobius.swift,2019-03-04T13:52:24Z,558,558,Swift,true,true,apache-2.0
spotify,spotify/SPTPersistentCache,2016-02-18T18:49:32Z,1242,1242,Objective-C,true,false,apache-2.0
spotify,spotify/gcp-aws-iam-federation-webidentity,2024-02-02T14:08:30Z,27,27,HCL,true,true,mit
spotify,spotify/soundcheck-demo-environment,2023-10-23T15:53:21Z,7,7,TypeScript,true,true,null
spotify,spotify/should-up,2017-04-25T12:45:16Z,158,158,JavaScript,true,false,apache-2.0
spotify,spotify/folsom,2015-02-13T15:12:37Z,147,147,Java,true,true,apache-2.0
spotify,spotify/ruler,2021-07-28T20:33:59Z,1133,1133,Kotlin,false,false,apache-2.0
spotify,spotify/lighthouse-audit-service,2020-03-24T16:10:58Z,95,95,TypeScript,true,true,apache-2.0
spotify,spotify/web-scripts,2019-06-17T15:37:07Z,383,383,TypeScript,true,true,apache-2.0
spotify,spotify/flyte-flink-plugin,2021-02-24T23:09:25Z,18,18,Go,false,false,apache-2.0
spotify,spotify/futures-extra,2015-02-21T08:20:50Z,138,138,Java,true,true,apache-2.0
spotify,spotify/java-hamcrest,2016-12-26T20:23:31Z,83,83,Java,true,false,apache-2.0
spotify,spotify/foss-root,2016-09-28T14:09:00Z,1,1,null,true,false,null
spotify,spotify/sparkey-java,2013-10-14T10:25:36Z,118,118,Java,true,true,apache-2.0
spotify,spotify/proto-registry,2018-10-05T17:03:47Z,141,141,TypeScript,true,true,apache-2.0
spotify,spotify/klio,2020-08-07T22:02:58Z,841,841,Python,true,false,apache-2.0
spotify,spotify/cstar,2018-07-31T10:07:26Z,255,255,Python,true,true,apache-2.0
spotify,spotify/logging-java,2014-04-15T09:01:12Z,22,22,Java,true,true,apache-2.0
spotify,spotify/completable-futures,2016-02-26T09:56:53Z,392,392,Java,true,true,apache-2.0
spotify,spotify/reactochart,2016-01-07T20:58:18Z,551,551,JavaScript,true,true,other
spotify,spotify/dataenum,2017-12-14T14:55:41Z,165,165,Java,true,true,apache-2.0
spotify,spotify/diffuser,2020-06-01T14:24:11Z,45,45,Swift,true,true,apache-2.0
spotify,spotify/openfeature-swift-sdk,2022-12-05T20:59:41Z,5,5,Swift,true,true,apache-2.0
spotify,spotify/openfeature-kotlin-sdk,2023-04-14T09:04:46Z,11,11,Kotlin,true,true,apache-2.0
spotify,spotify/noether,2018-03-30T17:25:23Z,91,91,Scala,true,false,apache-2.0
spotify,spotify/zoltar,2018-03-12T17:09:52Z,139,139,Java,false,false,apache-2.0
spotify,spotify/sparkey,2013-08-30T14:52:09Z,1178,1178,C,true,true,apache-2.0
spotify,spotify/styx,2016-11-22T03:44:55Z,267,267,Java,true,true,apache-2.0
spotify,spotify/backup-utils,2014-10-01T09:41:02Z,5,5,Shell,true,false,mit
spotify,spotify/postgresql-metrics,2015-08-26T13:11:15Z,590,590,Python,true,true,apache-2.0
spotify,spotify/Vandelay,2022-06-15T07:13:54Z,10,10,Java,true,true,apache-2.0
spotify,spotify/pythonflow,2017-09-05T17:52:33Z,285,285,Python,false,false,apache-2.0
spotify,spotify/basic-pitch-ts,2022-06-03T10:46:32Z,238,238,TypeScript,true,true,apache-2.0
spotify,spotify/soa-reference-integration,2022-03-29T10:44:31Z,11,11,TypeScript,true,true,other
spotify,spotify/gordon-introspection,2018-06-04T12:13:05Z,0,0,Python,true,true,apache-2.0
spotify,spotify/gordon-gcp,2017-12-26T14:04:47Z,12,12,Python,true,true,apache-2.0
spotify,spotify/gordon-janitor,2018-01-19T20:44:04Z,3,3,Python,true,true,apache-2.0
spotify,spotify/gordon,2017-11-20T21:52:25Z,37,37,Python,true,true,apache-2.0
spotify,spotify/simple-bigtable,2016-02-26T19:05:11Z,36,36,Java,true,true,apache-2.0
spotify,spotify/spotify-tensorflow,2017-08-15T17:05:18Z,124,124,Python,false,true,apache-2.0
spotify,spotify/container-agent,2014-06-19T18:25:55Z,3,3,Python,true,false,apache-2.0
spotify,spotify/s3mper,2016-05-19T15:28:33Z,1,1,Java,true,true,apache-2.0
spotify,spotify/robolectric,2014-05-27T20:33:19Z,2,2,Java,true,false,mit
spotify,spotify/cartography,2019-06-27T08:40:17Z,9,9,Python,true,false,apache-2.0
spotify,spotify/sparkey-python,2013-09-13T13:54:23Z,38,38,Python,true,true,apache-2.0
spotify,spotify/testing-game,2016-01-07T21:37:33Z,36,36,Python,true,false,apache-2.0
spotify,spotify/cookiecutter-golang,2020-07-20T14:34:06Z,28,28,Go,true,false,mit
spotify,spotify/volcano,2022-03-23T13:55:19Z,3,3,Go,true,true,apache-2.0
spotify,spotify/mobius-android-sample,2018-06-18T11:58:15Z,69,69,Java,true,true,apache-2.0
spotify,spotify/heroic-client-java,2020-02-03T15:13:51Z,0,0,Java,true,true,apache-2.0
spotify,spotify/async-google-pubsub-client,2015-06-29T03:24:39Z,158,158,Java,true,true,apache-2.0
spotify,spotify/swupdate,2022-09-23T14:04:54Z,0,0,null,true,true,gpl-2.0
spotify,spotify/okta-sdk-python,2018-03-28T14:46:32Z,0,0,Python,true,true,other
spotify,spotify/DataflowJavaSDK,2015-11-11T18:00:01Z,3,3,Java,true,false,apache-2.0
spotify,spotify/google-http-java-client,2015-06-26T22:21:17Z,4,4,Java,true,false,apache-2.0
spotify,spotify/tfx,2022-06-15T11:43:34Z,0,0,Python,true,true,apache-2.0
spotify,spotify/flink,2020-08-12T17:47:43Z,1,1,Java,true,false,apache-2.0
spotify,spotify/beam,2019-04-15T15:24:23Z,3,3,Java,true,false,apache-2.0
spotify,spotify/druid,2023-01-11T16:49:59Z,1,1,null,true,true,apache-2.0
spotify,spotify/ssh-agent-proxy,2015-10-24T23:56:43Z,10,10,Java,false,false,apache-2.0
spotify,spotify/ssh-agent-tls,2016-12-06T01:04:35Z,9,9,Java,false,false,apache-2.0
spotify,spotify/bucket-runner,2016-10-04T20:34:44Z,18,18,JavaScript,true,true,apache-2.0
spotify,spotify/eslint-config-oss,2020-03-31T15:57:04Z,1,1,JavaScript,true,true,apache-2.0
spotify,spotify/git-test,2015-01-08T12:50:22Z,203,203,Shell,true,false,apache-2.0
spotify,spotify/ts-interface-loader,2019-04-03T18:28:09Z,23,23,TypeScript,false,false,apache-2.0
spotify,spotify/redux-location-state,2017-04-21T12:21:35Z,118,118,JavaScript,true,true,apache-2.0
spotify,spotify/docker_interface,2018-01-22T19:52:02Z,36,36,Python,true,true,apache-2.0
spotify,spotify/threaddump-analyzer,2014-11-07T16:17:06Z,489,489,JavaScript,true,true,apache-2.0
spotify,spotify/code-of-conduct,2015-12-16T15:34:59Z,25,25,null,true,true,cc-by-4.0
spotify,spotify/.github,2019-04-25T02:03:08Z,0,0,null,false,false,null
spotify,spotify/platform-external-bluetooth-bluez,2022-10-04T08:39:00Z,0,0,null,true,true,gpl-2.0
spotify,spotify/uboot,2022-10-04T08:38:18Z,0,0,null,true,true,null
spotify,spotify/kernel-common,2022-10-04T08:31:23Z,0,0,null,true,true,other
spotify,spotify/android-store-service,2020-12-10T15:14:09Z,6,6,Python,true,true,apache-2.0
spotify,spotify/comet-common,2018-10-16T09:23:52Z,10,10,Python,true,true,apache-2.0
spotify,spotify/comet-core,2018-10-16T09:25:01Z,21,21,Python,true,true,apache-2.0
spotify,spotify/flo,2015-11-18T22:06:27Z,154,154,Java,true,true,apache-2.0
spotify,spotify/terraform-google-aws-hybrid-cloud-vpn,2020-04-03T14:05:40Z,30,30,HCL,true,true,apache-2.0
spotify,spotify/snakebite,2013-05-07T09:44:13Z,856,856,Python,true,false,apache-2.0
spotify,spotify/polly-jest-presets,2019-07-18T18:09:41Z,64,64,TypeScript,true,true,apache-2.0
spotify,spotify/scanctl,2018-06-15T13:25:16Z,0,0,Python,true,true,apache-2.0
spotify,spotify/lingon,2014-01-10T21:43:22Z,162,162,JavaScript,true,false,apache-2.0
spotify,spotify/hdfs2cass,2013-06-19T16:26:11Z,75,75,Java,true,true,apache-2.0
spotify,spotify/docgenerator,2014-08-27T16:42:24Z,17,17,Java,true,true,apache-2.0
spotify,spotify/netty-zmtp,2013-05-04T16:46:29Z,243,243,Java,true,true,apache-2.0
spotify,spotify/spydra,2017-04-24T08:48:42Z,134,134,Java,true,true,apache-2.0
spotify,spotify/cassandra-medusa,2019-09-24T13:46:53Z,25,25,Python,true,true,apache-2.0
spotify,spotify/comet,2018-10-16T14:16:46Z,58,58,Python,true,true,apache-2.0
spotify,spotify/echoprint-server,2016-04-11T15:33:56Z,396,396,Java,true,true,apache-2.0
spotify,spotify/echoprint-codegen,2011-03-10T17:44:45Z,960,960,C++,true,true,other
spotify,spotify/pyfg,2015-01-22T15:22:52Z,56,56,Python,true,true,apache-2.0
spotify,spotify/bigtable-autoscaler,2018-09-07T08:53:48Z,68,68,Java,true,true,apache-2.0
spotify,spotify/dockerfile-maven,2016-03-16T12:42:37Z,2756,2756,Java,false,false,apache-2.0
spotify,spotify/docker-client,2014-06-04T13:22:10Z,1431,1431,Java,false,false,apache-2.0
spotify,spotify/apollo,2015-11-05T22:40:39Z,1648,1648,Java,true,true,apache-2.0
spotify,spotify/docker-maven-plugin,2014-06-23T22:33:07Z,2666,2666,Java,true,true,apache-2.0
spotify,spotify/coordinator,2017-12-29T15:55:01Z,288,288,HTML,true,true,apache-2.0
spotify,spotify/web-scripts-library-template,2019-06-25T15:20:51Z,17,17,TypeScript,true,true,null
spotify,spotify/aioshumway,2018-01-24T18:17:17Z,3,3,Python,true,true,apache-2.0
spotify,spotify/spotify-heroic-datasource,2018-07-03T20:04:52Z,16,16,TypeScript,true,true,apache-2.0
spotify,spotify/heroic,2015-05-29T05:20:53Z,848,848,Java,true,false,apache-2.0
spotify,spotify/ffwd,2015-03-18T14:17:04Z,80,80,Java,true,true,apache-2.0
spotify,spotify/proto-requests,2020-08-04T17:22:18Z,4,4,TypeScript,true,true,apache-2.0
spotify,spotify/SpotifyLogin,2017-08-04T14:07:41Z,348,348,Swift,true,true,apache-2.0
spotify,spotify/docker-bigtable,2016-05-16T17:22:27Z,72,72,Go,true,true,apache-2.0
spotify,spotify/docker-gc,2014-06-23T00:52:57Z,5053,5053,Shell,true,false,apache-2.0
spotify,spotify/terraform-gke-kubeflow-cluster,2019-12-06T16:39:27Z,213,213,HCL,true,false,apache-2.0
spotify,spotify/JniHelpers,2014-06-06T08:42:01Z,593,593,C++,true,true,apache-2.0
spotify,spotify/annoy-java,2015-01-30T21:07:30Z,138,138,Java,true,true,apache-2.0
spotify,spotify/async-datastore-client,2015-06-16T09:29:00Z,72,72,Java,true,true,apache-2.0
spotify,spotify/flink-docker,2020-08-17T19:59:06Z,1,1,null,true,false,apache-2.0
spotify,spotify/PeqBank,2020-08-14T17:31:47Z,3,3,C,true,true,apache-2.0
spotify,spotify/ios-style,2015-02-03T10:15:41Z,243,243,null,false,false,other
spotify,spotify/web-audio-bench,2019-09-23T15:05:02Z,27,27,JavaScript,true,true,apache-2.0
spotify,spotify/spotify-checkstyle-config,2016-06-27T14:40:30Z,27,27,null,true,false,lgpl-2.1
spotify,spotify/heroic-client-go,2018-10-25T13:53:49Z,1,1,Go,true,true,apache-2.0
spotify,spotify/web-api,2015-02-18T09:28:44Z,981,981,RAML,false,false,null
spotify,spotify/web-playback-sdk,2017-11-06T13:29:30Z,106,106,null,false,false,null
spotify,spotify/terraform-google-grr,2019-04-02T17:40:39Z,51,51,HCL,true,true,apache-2.0
spotify,spotify/rspec-dns,2012-08-22T19:29:18Z,107,107,Ruby,true,false,apache-2.0
spotify,spotify/tfexample-derive,2018-12-03T22:23:45Z,9,9,Scala,true,true,apache-2.0
spotify,spotify/squashing-census-exporter,2020-02-28T18:19:13Z,4,4,Kotlin,true,true,apache-2.0
spotify,spotify/bazel-tools,2017-11-09T13:52:36Z,166,166,Java,true,true,apache-2.0
spotify,spotify/crtauth,2013-02-02T16:38:44Z,118,118,Python,true,true,apache-2.0
spotify,spotify/trickle,2014-01-28T14:39:16Z,285,285,Java,true,true,apache-2.0
spotify,spotify/docker-kafka,2014-10-04T13:43:33Z,1399,1399,Shell,true,true,apache-2.0
spotify,spotify/spark-bigquery,2016-04-22T20:17:31Z,155,155,Scala,true,false,apache-2.0
spotify,spotify/gimme,2018-06-21T08:54:43Z,102,102,Python,false,false,apache-2.0
spotify,spotify/react-native-lookback,2019-04-24T13:49:17Z,6,6,Objective-C,true,false,apache-2.0
spotify,spotify/scio-contrib,2018-08-07T17:17:27Z,7,7,Scala,true,true,apache-2.0
spotify,spotify/ieee-spm-vocals-tutorial,2018-09-12T14:29:53Z,56,56,Jupyter Notebook,true,true,apache-2.0
spotify,spotify/super-smash-brogp,2016-01-28T11:53:35Z,100,100,Python,true,true,apache-2.0
spotify,spotify/HubFramework,2016-09-26T18:19:58Z,1860,1860,Objective-C,false,false,apache-2.0
spotify,spotify/cassandra-reaper,2014-11-24T08:30:06Z,235,235,null,true,true,null
spotify,spotify/gcp-audit,2017-02-02T17:09:38Z,157,157,Python,false,false,apache-2.0
spotify,spotify/gordon-janitor-gcp,2018-01-22T20:01:29Z,1,1,Python,true,true,apache-2.0
spotify,spotify/ios-ci,2016-02-16T18:30:41Z,40,40,Shell,true,false,apache-2.0
spotify,spotify/protoman,2018-02-14T13:35:24Z,13,13,Java,true,true,apache-2.0
spotify,spotify/hype,2017-03-09T16:52:29Z,36,36,Java,true,true,apache-2.0
spotify,spotify/dataprocxy,2017-03-14T10:59:31Z,7,7,Python,true,true,apache-2.0
spotify,spotify/tutter-jenkins,2014-02-27T12:10:05Z,9,9,Ruby,true,true,null
spotify,spotify/jenkins-coverage-poster,2017-04-22T23:55:02Z,14,14,Groovy,true,true,apache-2.0
spotify,spotify/SPStackedNav,2014-03-12T08:19:14Z,195,195,Objective-C,true,false,apache-2.0
spotify,spotify/docker-cassandra,2014-08-05T20:05:12Z,220,220,Shell,true,true,apache-2.0
spotify,spotify/hyperflo,2017-04-20T23:42:13Z,3,3,Scala,true,true,null
spotify,spotify/gcp-firewall-enforcer,2017-02-02T17:09:13Z,76,76,Python,true,true,apache-2.0
spotify,spotify/ffwd-ruby,2014-02-25T12:32:16Z,105,105,Ruby,true,true,apache-2.0
spotify,spotify/lyceum,2014-04-05T22:41:04Z,59,59,Clojure,true,true,epl-1.0
spotify,spotify/limbo,2016-12-12T21:37:35Z,6,6,Scala,true,true,apache-2.0
spotify,spotify/apollo-elide,2016-10-26T09:31:48Z,1,1,Java,true,true,apache-2.0
spotify,spotify/hornet,2016-09-29T18:20:17Z,11,11,Scala,true,true,apache-2.0
spotify,spotify/dataproc-java-submitter,2016-09-18T23:48:00Z,7,7,Java,true,true,apache-2.0
spotify,spotify/docker-alpine,2016-10-21T16:24:24Z,11,11,null,true,true,apache-2.0
spotify,spotify/apollo-metrics,2016-03-17T19:02:53Z,0,0,null,true,true,null
spotify,spotify/mlockexec,2014-01-30T14:33:21Z,8,8,Python,true,true,apache-2.0
spotify,spotify/griffin,2015-04-22T11:39:12Z,15,15,Python,true,true,other
spotify,spotify/pyeos,2015-01-22T15:23:54Z,14,14,Python,true,true,apache-2.0
spotify,spotify/debify,2015-02-20T21:55:15Z,62,62,Shell,true,true,apache-2.0
spotify,spotify/moob,2011-07-25T14:31:49Z,85,85,Ruby,true,true,isc
spotify,spotify/hush-tab,2016-03-29T20:20:15Z,1,1,JavaScript,true,true,apache-2.0
spotify,spotify/vdisk,2012-11-29T16:56:51Z,17,17,Python,true,true,apache-2.0
spotify,spotify/kafka,2015-04-27T11:50:00Z,3,3,Scala,true,false,apache-2.0
spotify,spotify/netty-batch-flusher,2016-02-18T03:22:35Z,3,3,Java,true,true,apache-2.0
spotify,spotify/docker-stress,2014-02-13T23:29:36Z,125,125,Python,true,true,apache-2.0
spotify,spotify/quickstart,2014-06-24T20:29:24Z,193,193,JavaScript,true,true,null
spotify,spotify/spymaster,2016-02-03T12:50:10Z,1,1,Python,true,true,apache-2.0
spotify,spotify/spawn,2015-12-08T10:18:57Z,18,18,Java,true,true,apache-2.0
spotify,spotify/python-graphwalker,2013-03-19T20:05:18Z,93,93,Python,true,true,apache-2.0
spotify,spotify/crtauth-java,2014-09-16T13:51:59Z,17,17,Java,true,false,apache-2.0
spotify,spotify/pyschema,2014-09-11T12:28:28Z,62,62,Python,true,true,apache-2.0
spotify,spotify/requests-crtauth,2015-09-17T16:11:06Z,4,4,Python,true,true,apache-2.0
spotify,spotify/perf-map-agent,2015-09-08T18:17:36Z,1,1,C,true,true,gpl-2.0
spotify,spotify/helios-skydns,2014-07-02T21:51:12Z,6,6,Java,true,false,apache-2.0
spotify,spotify/cassandra-extra,2015-06-11T08:48:16Z,6,6,Java,true,true,apache-2.0
spotify,spotify/drserv,2015-04-09T17:48:29Z,8,8,Python,true,true,apache-2.0
spotify,spotify/syslog-redirector,2014-06-05T17:05:17Z,42,42,Go,true,true,apache-2.0
spotify,spotify/cassandra-opstools,2014-11-20T15:31:07Z,56,56,Java,true,true,apache-2.0
spotify,spotify/visualizer-app,2013-06-24T12:53:37Z,80,80,null,true,true,null
spotify,spotify/boilerplate-app,2013-05-20T11:33:49Z,78,78,null,true,true,null
spotify,spotify/apps-tutorial,2012-01-24T19:31:42Z,627,627,null,true,true,null
spotify,spotify/crunch-lib,2014-10-31T13:58:33Z,27,27,Java,true,true,apache-2.0
spotify,spotify/crtauth-java-agent-signer-apache,2014-11-16T19:11:58Z,0,0,Java,true,false,apache-2.0
spotify,spotify/sprunch,2014-04-17T12:34:12Z,9,9,Scala,true,true,apache-2.0
spotify,spotify/phpconf-argentina-2014,2014-11-04T14:59:59Z,4,4,JavaScript,true,true,other
spotify,spotify/ghelog,2014-10-21T14:54:48Z,0,0,Python,true,true,null
spotify,spotify/sekexe,2014-06-05T14:35:59Z,4,4,Shell,true,true,null
spotify,spotify/duck,2012-09-19T07:00:31Z,38,38,Ruby,true,true,gpl-3.0
spotify,spotify/helios-go,2014-09-29T14:19:41Z,0,0,Go,true,true,apache-2.0
spotify,spotify/skygc,2014-10-09T11:47:11Z,2,2,Python,true,true,apache-2.0
spotify,spotify/batty,2014-09-26T09:15:28Z,0,0,Python,true,true,null
spotify,spotify/syslog-redirector-golang,2014-09-25T14:07:39Z,1,1,Go,true,true,bsd-3-clause
spotify,spotify/elasticsearch-index-window,2014-08-07T12:11:22Z,18,18,Java,true,true,apache-2.0
spotify,spotify/skydns,2014-07-24T14:54:21Z,6,6,null,true,true,mit
spotify,spotify/etcd,2014-07-21T20:32:11Z,7,7,Go,true,false,apache-2.0
spotify,spotify/wasd,2012-10-05T20:26:39Z,17,17,Java,true,true,isc
spotify,spotify/rspec-dnsruby,2014-02-18T16:22:32Z,5,5,Ruby,true,true,apache-2.0
spotify,spotify/certcheck,2014-03-05T09:44:51Z,7,7,Python,true,true,apache-2.0
spotify,spotify/kairosdb,2014-02-27T18:47:16Z,5,5,Java,true,true,null
spotify,spotify/daemon-java,2014-03-05T11:02:54Z,16,16,Java,true,true,null
spotify,spotify/metrics-munin-reporter,2014-02-28T15:39:42Z,1,1,Java,true,true,apache-2.0
spotify,spotify/pywk,2012-08-10T11:39:53Z,26,26,Python,true,true,apache-2.0
spotify,spotify/spotify-js-challenge,2013-09-24T13:58:28Z,87,87,JavaScript,true,true,other
spotify,spotify/jsconfeu-2013,2013-09-05T14:27:45Z,26,26,JavaScript,true,true,other
spotify,spotify/collectd,2013-09-17T13:44:15Z,5,5,C,true,false,gpl-2.0
spotify,spotify/mace,2013-03-07T22:43:35Z,4,4,null,true,true,null
spotify,spotify/jira-lkk-bridge,2013-01-23T15:38:33Z,1,1,Java,true,true,apache-2.0
spotify,spotify/java-lkk,2012-10-03T14:14:37Z,1,1,Java,true,true,apache-2.0
spotify,spotify/linux,2012-12-27T07:36:46Z,208,208,C,true,true,other
spotify,spotify/condor,2013-01-08T15:25:41Z,2,2,Java,true,true,null
spotify,spotify/flume-syslog-source2,2011-08-25T20:20:08Z,21,21,Java,true,true,null
spotify,spotify/hadoop-openpgp-codec,2011-08-18T08:59:18Z,17,17,Java,true,true,null
arvidn,arvidn/libtorrent,2015-06-03T05:22:03Z,5232,5232,C++,true,true,other
arvidn,arvidn/libsimulator,2015-07-04T20:54:59Z,21,21,C++,true,true,gpl-3.0
arvidn,arvidn/oss-fuzz,2019-04-21T15:15:03Z,1,1,Shell,true,false,apache-2.0
arvidn,arvidn/libtorrent-webui,2012-08-12T00:09:33Z,48,48,C++,true,true,null
arvidn,arvidn/struct_layout,2013-12-01T23:13:26Z,121,121,Python,true,true,bsd-3-clause
arvidn,arvidn/try_signal,2016-11-07T05:46:24Z,14,14,C++,true,true,bsd-3-clause
arvidn,arvidn/qBittorrent,2013-12-31T22:07:20Z,3,3,C++,true,true,other
arvidn,arvidn/torrent-tools,2021-03-21T12:44:27Z,11,11,C++,true,true,bsd-3-clause
arvidn,arvidn/boost-asio-gnutls,2021-11-28T09:18:19Z,2,2,null,true,true,bsl-1.0
arvidn,arvidn/num-bigint,2021-10-26T14:47:22Z,0,0,null,true,true,apache-2.0
arvidn,arvidn/aiosqlite,2021-09-17T14:15:06Z,0,0,null,true,false,mit
arvidn,arvidn/libdatachannel,2021-04-14T05:50:31Z,1,1,C++,true,true,lgpl-2.1
arvidn,arvidn/rust-gmp,2021-02-26T15:07:06Z,1,1,Rust,true,false,mit
arvidn,arvidn/bittorrent-trace,2020-01-29T12:29:51Z,6,6,C++,true,true,mit
arvidn,arvidn/bootstrap-dht,2016-08-08T22:46:42Z,3,3,C++,true,true,mit
arvidn,arvidn/torrent-analyzer,2012-08-12T00:10:59Z,5,5,C++,true,true,bsd-3-clause
arvidn,arvidn/bitcoin,2018-09-06T01:31:11Z,0,0,C++,true,false,other
arvidn,arvidn/bittorrent.org,2016-05-24T23:06:49Z,2,2,HTML,true,true,null
arvidn,arvidn/kcov,2020-01-19T13:37:03Z,2,2,null,true,true,gpl-2.0
arvidn,arvidn/asio,2019-11-09T16:35:17Z,1,1,null,true,true,null
arvidn,arvidn/endian,2017-11-04T11:57:02Z,0,0,C++,true,true,null
arvidn,arvidn/libtorrent-fuzz,2017-09-29T02:44:04Z,3,3,C++,true,true,bsd-3-clause
arvidn,arvidn/bdecode,2015-03-08T07:35:39Z,17,17,C++,true,true,bsd-3-clause
arvidn,arvidn/ed25519,2019-02-04T00:48:26Z,1,1,C,true,false,zlib
arvidn,arvidn/cppkafka,2017-10-24T10:59:03Z,1,1,C++,true,true,bsd-2-clause
arvidn,arvidn/build,2016-07-07T04:24:45Z,0,0,C,true,true,null
arvidn,arvidn/beast,2018-05-08T18:37:40Z,0,0,C++,true,true,bsl-1.0
arvidn,arvidn/flags,2018-03-28T10:08:08Z,7,7,C++,true,true,bsd-3-clause
arvidn,arvidn/NamedType,2018-03-25T16:28:35Z,0,0,C++,true,true,mit
arvidn,arvidn/hffix,2017-09-11T11:03:34Z,1,1,C++,true,true,other
arvidn,arvidn/conan,2017-09-26T23:32:15Z,0,0,Python,true,true,mit
arvidn,arvidn/conan-boost-build-gen,2017-02-12T23:24:33Z,1,1,Python,true,true,bsd-3-clause
arvidn,arvidn/elements,2017-09-07T21:55:31Z,1,1,C++,true,false,mit
arvidn,arvidn/libtorrent-daemon,2013-05-03T16:19:01Z,15,15,C++,true,true,null
arvidn,arvidn/inline-namespace-abi-versioning,2017-04-06T00:06:36Z,6,6,C++,true,true,gpl-3.0
arvidn,arvidn/bittorrent-multi-have,2016-05-29T22:23:07Z,2,2,Python,true,true,bsd-3-clause
arvidn,arvidn/libutp,2016-03-11T22:51:45Z,0,0,C++,true,true,mit
arvidn,arvidn/sqltorrent,2016-02-17T18:58:57Z,3,3,C,true,true,apache-2.0
arvidn,arvidn/hash_complete_prefix,2012-12-23T00:05:57Z,1,1,C++,true,true,null
arvidn,arvidn/codecov-python,2015-12-16T03:42:56Z,0,0,Python,true,false,null
arvidn,arvidn/lcov,2015-06-02T21:24:48Z,0,0,Perl,true,false,gpl-2.0
arvidn,arvidn/random,2014-12-01T21:24:21Z,0,0,C++,true,true,null
arvidn,arvidn/btfs,2014-11-22T21:09:57Z,68,68,C++,true,true,gpl-3.0
arvidn,arvidn/utrack,2011-09-12T01:40:14Z,37,37,C++,true,true,null
arvidn,arvidn/moving_average,2014-09-08T23:43:55Z,2,2,Python,true,true,bsd-3-clause
arvidn,arvidn/Sawteeth,2014-08-23T07:42:02Z,0,0,C++,true,true,null
arvidn,arvidn/peer_ordering,2012-12-27T17:43:53Z,8,8,Python,true,true,null
arvidn,arvidn/quantcup-orderbook,2017-09-13T12:10:21Z,1,1,C++,true,true,null
arvidn,arvidn/access_profiler,2013-12-07T21:23:19Z,74,74,C++,true,true,gpl-3.0
arvidn,arvidn/ebb,2013-11-06T18:12:25Z,0,0,C++,true,true,mit
arvidn,arvidn/minimal_python_socks,2013-09-21T22:16:04Z,1,1,Python,true,true,null
arvidn,arvidn/mongoose,2013-05-26T20:10:57Z,2,2,C,true,false,mit
aladdinpersson,aladdinpersson/Machine-Learning-Collection,2020-03-26T07:02:40Z,7597,7597,Python,true,true,mit
aladdinpersson,aladdinpersson/coding-environment,2023-11-24T23:20:48Z,3,3,Shell,true,true,null
aladdinpersson,aladdinpersson/Algorithms-Collection-Python,2019-02-15T20:49:02Z,219,219,Python,true,true,mit
aladdinpersson,aladdinpersson/Courses,2020-04-15T11:41:16Z,64,64,Jupyter Notebook,true,true,mit
aladdinpersson,aladdinpersson/aladdin,2021-03-28T10:12:53Z,13,13,Python,true,true,mit
aladdinpersson,aladdinpersson/aladdinpersson.github.io,2020-10-14T08:58:28Z,6,6,SCSS,true,true,mit
aladdinpersson,aladdinpersson/HelloMnist,2021-01-04T10:35:46Z,19,19,Dart,true,true,null
khaosdoctor,khaosdoctor/dotfiles,2017-01-13T21:08:08Z,10,10,Shell,true,true,gpl-3.0
khaosdoctor,khaosdoctor/blog-assets,2020-07-23T03:13:21Z,1,1,null,false,false,gpl-3.0
khaosdoctor,khaosdoctor/parcel-tracker-study,2023-11-21T21:51:42Z,0,0,TypeScript,true,true,null
khaosdoctor,khaosdoctor/natural-hour-parser,2023-11-19T15:25:55Z,0,0,TypeScript,true,true,mit
khaosdoctor,khaosdoctor/example-technical-interview,2023-11-12T19:40:11Z,2,2,TypeScript,false,false,null
khaosdoctor,khaosdoctor/khaosdoctor,2020-07-09T15:44:22Z,19,19,null,true,true,null
khaosdoctor,khaosdoctor/posting,2024-08-15T13:58:12Z,0,0,null,true,false,apache-2.0
khaosdoctor,khaosdoctor/deno-opengraph,2023-12-23T21:15:19Z,4,4,TypeScript,true,true,mit
khaosdoctor,khaosdoctor/article-cover-creator,2023-01-02T21:47:26Z,15,15,TypeScript,true,true,agpl-3.0
khaosdoctor,khaosdoctor/Backup,2024-06-28T13:02:08Z,0,0,null,true,true,null
khaosdoctor,khaosdoctor/blog-theme,2020-07-08T19:58:57Z,2,2,Handlebars,false,false,mit
khaosdoctor,khaosdoctor/DefinitelyTyped,2023-03-21T19:41:06Z,0,0,TypeScript,true,false,other
khaosdoctor,khaosdoctor/presentations,2024-01-30T20:18:58Z,4,4,JavaScript,true,true,agpl-3.0
khaosdoctor,khaosdoctor/sound-recommender,2023-12-17T13:41:03Z,4,4,TypeScript,false,false,mit
khaosdoctor,khaosdoctor/nodejs-k8s-simple-api,2022-06-28T19:57:31Z,5,5,JavaScript,true,false,null
khaosdoctor,khaosdoctor/gotql,2017-11-28T21:46:58Z,407,407,TypeScript,false,false,mit
khaosdoctor,khaosdoctor/linkedeno,2023-12-26T20:59:37Z,3,3,TypeScript,true,true,agpl-3.0
khaosdoctor,khaosdoctor/obsidian-auto-link-title,2023-10-22T20:51:03Z,0,0,TypeScript,true,true,null
khaosdoctor,khaosdoctor/oauth-signature,2023-12-11T20:38:40Z,1,1,TypeScript,true,true,mit
khaosdoctor,khaosdoctor/percent-encode,2023-12-08T23:21:15Z,0,0,TypeScript,false,false,mit
khaosdoctor,khaosdoctor/dynamic-keyboard-poc,2023-11-08T20:29:44Z,10,10,null,false,false,null
khaosdoctor,khaosdoctor/algo-customer-counter,2023-12-06T19:44:58Z,0,0,JavaScript,true,true,null
khaosdoctor,khaosdoctor/openvolt-cli,2023-11-13T11:58:31Z,1,1,TypeScript,false,false,mit
khaosdoctor,khaosdoctor/cf-auth-oauth2,2022-12-17T14:06:38Z,0,0,JavaScript,true,true,mit
khaosdoctor,khaosdoctor/serverless-azure-functions,2022-11-27T20:56:25Z,0,0,null,true,false,mit
khaosdoctor,khaosdoctor/node,2022-08-24T22:02:32Z,0,0,JavaScript,true,false,other
khaosdoctor,khaosdoctor/TypeScript,2023-10-22T19:02:13Z,0,0,null,true,true,apache-2.0
khaosdoctor,khaosdoctor/nodejs-ts-crud-api,2022-07-03T17:39:40Z,0,0,TypeScript,false,false,gpl-3.0
khaosdoctor,khaosdoctor/fts-landing-page,2023-04-12T19:17:25Z,0,0,HTML,false,false,gpl-3.0
khaosdoctor,khaosdoctor/lumelia,2023-06-25T21:29:19Z,3,3,TypeScript,false,false,mit
khaosdoctor,khaosdoctor/multer-firebase-storage,2021-08-23T21:14:45Z,23,23,TypeScript,false,false,mit
khaosdoctor,khaosdoctor/secure-jwt-tokens,2022-08-16T23:37:26Z,28,28,TypeScript,true,true,mit
khaosdoctor,khaosdoctor/vscode_deno,2023-01-15T11:20:25Z,1,1,TypeScript,true,false,mit
khaosdoctor,khaosdoctor/grpc-guide-part-4-sample,2021-05-26T18:59:55Z,3,3,JavaScript,true,true,null
khaosdoctor,khaosdoctor/hermod,2019-05-15T18:46:05Z,6,6,TypeScript,false,false,gpl-3.0
khaosdoctor,khaosdoctor/nodejs-go-vote-exporter,2021-01-29T01:49:09Z,0,0,JavaScript,true,false,gpl-3.0
khaosdoctor,khaosdoctor/cf-auth-azuread,2023-04-09T15:35:48Z,0,0,null,true,true,mit
khaosdoctor,khaosdoctor/advanced-patterns-workshop,2023-04-04T17:26:01Z,0,0,null,true,true,null
khaosdoctor,khaosdoctor/type-transformations-workshop,2023-04-04T17:28:10Z,0,0,null,true,true,null
khaosdoctor,khaosdoctor/typescript-generics-workshop,2023-04-04T17:28:13Z,0,0,null,true,true,null
khaosdoctor,khaosdoctor/deno-talk-examples,2023-03-13T22:23:21Z,1,1,TypeScript,true,false,null
khaosdoctor,khaosdoctor/containerd-integration-example,2021-01-22T12:34:06Z,4,4,Go,true,false,mit
khaosdoctor,khaosdoctor/my-notes,2016-11-03T23:55:59Z,313,313,JavaScript,true,true,gpl-3.0
khaosdoctor,khaosdoctor/js-containerd-example,2021-04-26T14:32:13Z,2,2,JavaScript,true,true,mit
khaosdoctor,khaosdoctor/developer.chrome.com,2022-05-11T17:24:17Z,1,1,HTML,true,true,other
khaosdoctor,khaosdoctor/typescript-blockchain,2022-01-23T14:14:09Z,53,53,TypeScript,true,true,gpl-3.0
khaosdoctor,khaosdoctor/grpc-guide-part3-typescript-sample,2021-05-20T20:00:34Z,5,5,JavaScript,true,true,mit
khaosdoctor,khaosdoctor/electron-learn-project,2020-10-26T15:46:12Z,1,1,JavaScript,true,true,mit
khaosdoctor,khaosdoctor/grpc-nodejs-demo-app,2020-09-16T14:43:08Z,3,3,JavaScript,true,true,null
khaosdoctor,khaosdoctor/zaqar,2019-11-17T21:53:47Z,71,71,HTML,false,false,mit
khaosdoctor,khaosdoctor/harperdb-migration-demo,2022-02-08T19:38:09Z,3,3,TypeScript,true,true,mit
khaosdoctor,khaosdoctor/protots,2019-07-09T00:30:09Z,3,3,TypeScript,true,true,gpl-3.0
khaosdoctor,khaosdoctor/zaqar-renderer-ejs,2019-11-24T17:53:28Z,1,1,JavaScript,true,true,mit
khaosdoctor,khaosdoctor/curso-performancenode,2018-02-14T22:05:13Z,1,1,JavaScript,true,true,mit
khaosdoctor,khaosdoctor/event-sourcing-demo-app,2019-02-14T23:10:31Z,54,54,TypeScript,true,true,mit
khaosdoctor,khaosdoctor/reactor-stockholm-ts-api-workshop,2023-01-24T07:05:47Z,1,1,TypeScript,true,false,mit
khaosdoctor,khaosdoctor/deno-jsonwebtoken,2023-01-18T19:41:43Z,1,1,JavaScript,true,true,mit
khaosdoctor,khaosdoctor/palestra-performance-nodejs,2017-09-02T00:10:08Z,6,6,JavaScript,true,true,null
khaosdoctor,khaosdoctor/nodejs-serverless-framework,2022-11-20T11:30:18Z,2,2,HTML,false,false,gpl-3.0
khaosdoctor,khaosdoctor/enigmajs,2022-10-02T14:16:49Z,26,26,Vue,true,false,gpl-3.0
khaosdoctor,khaosdoctor/software-testing-exercises,2022-12-04T14:12:33Z,10,10,JavaScript,false,false,mit
khaosdoctor,khaosdoctor/layered-typescript-bookstore,2022-05-19T19:57:58Z,28,28,TypeScript,true,true,mit
khaosdoctor,khaosdoctor/template-node-ts,2022-01-23T22:39:49Z,33,33,Shell,true,true,gpl-3.0
khaosdoctor,khaosdoctor/blog-post-workflow,2020-07-21T18:25:33Z,0,0,JavaScript,true,true,agpl-3.0
khaosdoctor,khaosdoctor/devto-nodejs-sdk,2020-04-17T17:53:45Z,37,37,TypeScript,false,true,mit
khaosdoctor,khaosdoctor/apps40-scalingdemo-frontend,2020-03-24T20:00:31Z,1,1,TypeScript,false,false,null
khaosdoctor,khaosdoctor/helm-actions-dynamic-env-example,2021-06-02T18:29:13Z,1,1,TypeScript,true,true,null
khaosdoctor,khaosdoctor/helm-dynamic-envs,2019-06-01T19:32:17Z,7,7,TypeScript,true,true,mit
khaosdoctor,khaosdoctor/zaqar-renderer-pug,2020-01-10T23:08:07Z,0,0,JavaScript,true,true,mit
khaosdoctor,khaosdoctor/zaqar-renderer-mustache,2019-11-24T06:47:10Z,1,1,JavaScript,false,false,mit
khaosdoctor,khaosdoctor/apicon-serverless-framework,2018-03-20T02:38:25Z,0,0,JavaScript,true,true,mit
khaosdoctor,khaosdoctor/race-tracker,2019-06-05T21:56:27Z,2,2,JavaScript,true,true,null
khaosdoctor,khaosdoctor/web-authentication-methods,2019-02-26T17:41:17Z,0,0,JavaScript,true,true,mit
khaosdoctor,khaosdoctor/palestra-nodejs-crypto,2019-01-10T22:04:42Z,3,3,JavaScript,true,true,mit
khaosdoctor,khaosdoctor/saopaulo,2019-05-24T19:30:45Z,1,1,JavaScript,true,true,null
khaosdoctor,khaosdoctor/node-ddsp-backend-template,2020-03-24T20:29:12Z,16,16,TypeScript,false,false,mit
khaosdoctor,khaosdoctor/cdc-kubernetes-sources,2018-10-01T03:58:40Z,41,41,JavaScript,true,true,gpl-3.0
khaosdoctor,khaosdoctor/live-nodebr-graphql,2018-04-07T23:12:12Z,2,2,JavaScript,true,true,mit
khaosdoctor,khaosdoctor/delay.css,2016-09-26T22:59:33Z,6,6,JavaScript,true,true,mit
khaosdoctor,khaosdoctor/grpc-guide-part2-javascript-sample,2021-04-30T14:18:12Z,1,1,JavaScript,true,true,null
khaosdoctor,khaosdoctor/storages,2022-10-24T14:52:03Z,0,0,TypeScript,true,false,null
khaosdoctor,khaosdoctor/validator,2022-10-21T13:38:05Z,0,0,TypeScript,true,true,mit
khaosdoctor,khaosdoctor/parse-mode,2022-10-21T12:42:26Z,0,0,TypeScript,true,true,mit
khaosdoctor,khaosdoctor/go-vote-api,2021-01-28T23:26:40Z,1,1,Go,true,false,gpl-3.0
khaosdoctor,khaosdoctor/manual,2022-09-16T23:23:14Z,0,0,null,true,false,mit
khaosdoctor,khaosdoctor/telegram-gh-bot,2022-09-15T22:41:43Z,2,2,TypeScript,true,false,mit
khaosdoctor,khaosdoctor/k8s-dynamic-env-backend,2022-07-04T19:51:53Z,4,4,TypeScript,false,false,mit
khaosdoctor,khaosdoctor/Codename,2017-08-12T00:23:21Z,2,2,JavaScript,false,false,mit
khaosdoctor,khaosdoctor/laravel-importer,2017-04-01T18:47:49Z,0,0,JavaScript,true,true,gpl-3.0
khaosdoctor,khaosdoctor/ls-news,2022-04-25T18:07:45Z,1,1,CSS,false,false,agpl-3.0
khaosdoctor,khaosdoctor/.github,2020-04-17T18:26:39Z,0,0,null,false,false,null
khaosdoctor,khaosdoctor/staart-backend-node-http-api-auth,2022-05-25T18:53:04Z,0,0,JavaScript,true,false,null
khaosdoctor,khaosdoctor/donorschoose-cli,2019-09-28T17:43:42Z,1,1,TypeScript,false,false,mit
khaosdoctor,khaosdoctor/imasters-node-http-server,2018-01-02T19:46:35Z,0,0,JavaScript,true,true,mit
khaosdoctor,khaosdoctor/crud-serverless-mongodb,2019-08-26T14:34:56Z,0,0,JavaScript,true,true,mit
khaosdoctor,khaosdoctor/knoblr,2016-10-25T19:08:10Z,12,12,JavaScript,true,true,mit
khaosdoctor,khaosdoctor/event-sourcing-javascript,2021-08-26T00:03:02Z,25,25,null,true,true,mit
khaosdoctor,khaosdoctor/khaosdoctor.github.io,2019-03-09T00:52:24Z,4,4,HTML,false,false,mit
khaosdoctor,khaosdoctor/devops_challenge,2021-05-26T18:06:24Z,7,7,JavaScript,false,false,mit
khaosdoctor,khaosdoctor/string-to-objectid,2019-10-21T05:47:58Z,2,2,TypeScript,true,true,null
khaosdoctor,khaosdoctor/kubernetes-book-website,2019-09-13T01:30:45Z,5,5,CSS,false,false,null
khaosdoctor,khaosdoctor/aks-gh-actions-demo,2020-06-15T21:57:00Z,2,2,null,false,false,mit
khaosdoctor,khaosdoctor/deno-tcp-server,2020-05-28T19:45:46Z,1,1,TypeScript,true,true,null
khaosdoctor,khaosdoctor/deno-fs,2020-05-28T19:17:25Z,0,0,TypeScript,true,true,null
khaosdoctor,khaosdoctor/deno-read-file,2020-05-28T18:47:56Z,0,0,TypeScript,false,false,null
khaosdoctor,khaosdoctor/deno-http-request,2020-05-25T19:24:26Z,3,3,TypeScript,true,true,null
khaosdoctor,khaosdoctor/deno-hello-world,2020-05-25T19:08:06Z,0,0,TypeScript,false,false,null
khaosdoctor,khaosdoctor/codespace-kubernetes,2020-05-22T15:03:18Z,1,1,Shell,true,true,gpl-3.0
khaosdoctor,khaosdoctor/site-backend,2020-04-17T00:19:46Z,0,0,null,false,false,null
khaosdoctor,khaosdoctor/tag-o-matic,2017-01-02T22:14:58Z,1,1,JavaScript,true,true,gpl-3.0
khaosdoctor,khaosdoctor/react-map,2017-05-11T01:36:43Z,0,0,JavaScript,true,true,mit
khaosdoctor,khaosdoctor/palestra-containers-kubernetes,2018-11-20T17:18:17Z,3,3,null,true,true,mit
khaosdoctor,khaosdoctor/promises-talk,2019-05-08T01:32:03Z,41,41,JavaScript,true,true,mit
khaosdoctor,khaosdoctor/web-workers-and-service-workers,2019-07-07T20:06:00Z,2,2,HTML,true,true,mit
khaosdoctor,khaosdoctor/palestra-streams,2018-07-08T20:52:34Z,0,0,JavaScript,true,true,mit
khaosdoctor,khaosdoctor/palestra-ci-microservices,2018-07-07T17:09:20Z,0,0,JavaScript,true,true,mit
khaosdoctor,khaosdoctor/PromiseFromScratch,2019-08-21T21:51:23Z,8,8,TypeScript,false,false,gpl-3.0
khaosdoctor,khaosdoctor/developer-handbook,2022-01-29T17:09:14Z,0,0,null,true,true,agpl-3.0
khaosdoctor,khaosdoctor/node-dht,2018-08-08T22:36:48Z,9,9,JavaScript,true,true,mit
khaosdoctor,khaosdoctor/ufabc-jrmi-part-repository,2018-06-24T21:58:55Z,0,0,Java,true,true,mit
khaosdoctor,khaosdoctor/You-Dont-Know-JS,2018-04-21T21:27:39Z,0,0,Shell,true,true,other
khaosdoctor,khaosdoctor/desafio-curso-performance,2018-02-15T00:57:29Z,1,1,HTML,true,true,mit
khaosdoctor,khaosdoctor/codename-universe,2017-08-12T17:33:44Z,0,0,JavaScript,true,true,mit
khaosdoctor,khaosdoctor/codename-greek-gods,2017-08-12T18:50:34Z,1,1,JavaScript,true,true,mit
khaosdoctor,khaosdoctor/codename-nordic,2017-08-12T18:52:01Z,0,0,JavaScript,true,true,mit
khaosdoctor,khaosdoctor/codename-titans,2017-08-12T18:51:24Z,0,0,JavaScript,true,true,mit
khaosdoctor,khaosdoctor/codename-greek,2017-08-12T18:40:40Z,0,0,JavaScript,true,true,mit
khaosdoctor,khaosdoctor/codename-zodiac,2017-08-12T17:31:28Z,0,0,JavaScript,true,true,mit
khaosdoctor,khaosdoctor/codename-zodiac-warriors,2017-08-12T17:33:07Z,0,0,JavaScript,true,true,mit
khaosdoctor,khaosdoctor/setup,2016-11-24T13:24:34Z,3,3,Shell,true,true,mit
khaosdoctor,khaosdoctor/brazilian-states,2017-05-23T21:23:01Z,0,0,JavaScript,true,true,mit
khaosdoctor,khaosdoctor/react-github,2017-05-05T00:53:56Z,0,0,JavaScript,true,true,mit
khaosdoctor,khaosdoctor/learn-istanbul,2017-04-07T13:36:23Z,1,1,JavaScript,true,true,null
khaosdoctor,khaosdoctor/bash-AMI,2017-04-06T18:03:28Z,2,2,Shell,true,true,mit
khaosdoctor,khaosdoctor/design-patterns-for-humans,2017-03-18T22:44:45Z,28,28,null,true,true,mit
khaosdoctor,khaosdoctor/laravel-lot-control,2016-12-15T23:13:16Z,0,0,CSS,true,true,mit
khaosdoctor,khaosdoctor/webmotors-hackathon2016,2016-10-24T19:19:04Z,0,0,JavaScript,true,true,null
Mojang,Mojang/minecraft-debugger,2021-04-28T17:45:54Z,57,57,TypeScript,true,true,mit
Mojang,Mojang/minecraft-editor-extension-starter-kit,2022-08-18T15:50:09Z,26,26,PowerShell,false,false,mit
Mojang,Mojang/minecraft-editor-extension-samples,2023-06-07T00:35:54Z,11,11,TypeScript,false,false,null
Mojang,Mojang/entt,2018-05-14T21:51:18Z,49,49,C++,true,true,mit
Mojang,Mojang/bedrock-samples,2022-09-22T19:03:38Z,859,859,null,true,true,other
Mojang,Mojang/minecraft-scripting-libraries,2023-10-25T15:24:13Z,21,21,TypeScript,true,true,mit
Mojang,Mojang/minecraft-creator-tools,2023-09-04T15:47:59Z,69,69,TypeScript,true,true,other
Mojang,Mojang/bedrock-protocol-docs,2024-02-06T18:33:12Z,324,324,HTML,false,false,other
Mojang,Mojang/imgui,2018-11-29T01:22:51Z,22,22,C++,true,true,mit
Mojang,Mojang/msdfgen,2019-03-22T20:21:26Z,4,4,C++,true,true,mit
Mojang,Mojang/imgui-node-editor,2019-05-30T16:44:40Z,8,8,C++,true,true,mit
Mojang,Mojang/brigadier,2014-09-15T08:48:24Z,3438,3438,Java,false,false,mit
Mojang,Mojang/ore-ui,2021-10-11T12:33:56Z,408,408,TypeScript,false,false,mit
Mojang,Mojang/appcenter-sdk-android-breakpad,2020-05-20T17:55:26Z,2,2,C++,true,true,other
Mojang,Mojang/slicer,2019-05-08T13:03:57Z,174,174,Java,false,false,mit
Mojang,Mojang/minecraft-legends-docs,2023-06-08T17:56:37Z,27,27,null,true,true,mit
Mojang,Mojang/LegacyLauncher,2013-04-24T16:58:46Z,253,253,Java,true,true,null
Mojang,Mojang/yaml-cpp,2024-01-24T17:32:36Z,0,0,C++,true,true,mit
Mojang,Mojang/xtensor,2022-04-20T18:16:42Z,0,0,C++,true,true,bsd-3-clause
Mojang,Mojang/DefinitelyTyped,2021-07-28T17:05:53Z,2,2,TypeScript,true,false,other
Mojang,Mojang/usrsctp,2020-11-16T17:48:01Z,2,2,C,true,true,bsd-3-clause
Mojang,Mojang/DataFixerUpper,2018-06-28T11:18:13Z,1187,1187,Java,false,false,mit
Mojang,Mojang/glslang,2022-02-14T07:42:53Z,2,2,null,true,true,other
Mojang,Mojang/FakeIt,2018-06-26T17:19:17Z,5,5,C++,true,true,mit
Mojang,Mojang/auto-reviewer-labeler-action,2024-04-05T00:46:20Z,0,0,TypeScript,true,true,apache-2.0
Mojang,Mojang/auto-request-review,2024-01-25T23:42:07Z,0,0,JavaScript,true,true,mit
Mojang,Mojang/magic_enum,2022-02-11T17:34:57Z,2,2,C++,true,false,mit
Mojang,Mojang/leveldb,2019-03-05T21:18:03Z,15,15,C++,true,false,bsd-3-clause
Mojang,Mojang/minecraft-editor,2022-08-31T16:18:39Z,264,264,null,false,false,mit
Mojang,Mojang/fcpp,2018-10-17T15:54:41Z,3,3,C,true,true,bsd-3-clause
Mojang,Mojang/legends-blockbench-plugin,2023-06-30T17:14:50Z,8,8,JavaScript,true,true,mit
Mojang,Mojang/t-component,2019-10-22T13:38:39Z,17,17,TypeScript,true,true,mit
Mojang,Mojang/i18n-scripts,2019-10-22T09:32:17Z,9,9,JavaScript,true,true,mit
Mojang,Mojang/concurrentqueue,2017-10-05T20:51:24Z,5,5,C++,true,true,other
Mojang,Mojang/upgrade_mutex,2018-10-12T20:40:10Z,2,2,C++,true,true,null
Mojang,Mojang/LegacyUnifont,2023-02-01T10:47:58Z,10,10,C,false,false,other
Mojang,Mojang/web-theme-bootstrap,2018-06-19T09:54:50Z,132,132,SCSS,true,true,other
Mojang,Mojang/acpplinter,2019-10-18T22:26:23Z,2,2,Rust,true,true,null
Mojang,Mojang/Spoon-Knife,2021-03-11T21:22:36Z,2,2,null,true,true,null
Mojang,Mojang/EducationContent,2020-02-19T21:05:33Z,35,35,TypeScript,true,true,null
Mojang,Mojang/freetype2,2019-03-29T23:31:25Z,2,2,C,true,true,null
Mojang,Mojang/libjpeg,2019-07-26T21:13:25Z,3,3,C,true,true,null
Mojang,Mojang/redux-persist-01,2021-08-31T08:43:06Z,1,1,JavaScript,true,true,mit
Mojang,Mojang/xtl,2022-04-20T18:16:56Z,0,0,null,true,true,bsd-3-clause
Mojang,Mojang/QR-Code-generator,2022-01-19T22:20:54Z,4,4,null,true,false,null
Mojang,Mojang/rapidjson,2021-09-07T16:47:30Z,2,2,C++,true,true,other
Mojang,Mojang/react-native-0.64,2021-08-31T08:01:38Z,2,2,JavaScript,true,true,mit
Mojang,Mojang/poc_precompiled_headers,2021-08-05T18:21:53Z,2,2,C++,true,true,null
Mojang,Mojang/POC_TIME_TRACE_FLAG,2021-06-23T05:25:05Z,1,1,C++,true,true,null
Mojang,Mojang/git-parameter-plugin,2021-03-11T10:01:53Z,2,2,Java,true,false,null
Mojang,Mojang/Remotery,2021-03-26T00:09:53Z,2,2,null,true,false,apache-2.0
Mojang,Mojang/meta,2020-02-03T21:06:30Z,2,2,C++,true,true,mit
Mojang,Mojang/SFAT-Data-Explorer,2020-02-14T23:53:49Z,2,2,C++,true,true,null
Mojang,Mojang/cortex-v2-example,2020-07-10T16:18:05Z,2,2,C#,true,true,mit
Mojang,Mojang/azure-notificationhubs-ios,2020-05-18T21:22:50Z,2,2,null,true,true,apache-2.0
Mojang,Mojang/breakpad,2020-05-08T21:59:45Z,6,6,C++,true,true,other
Mojang,Mojang/geojson2fbx,2020-02-14T22:50:40Z,4,4,null,true,true,null
Mojang,Mojang/PaintScan,2020-01-28T22:02:01Z,10,10,Java,true,true,null
Mojang,Mojang/PaintScanAR,2020-01-29T23:02:06Z,2,2,Java,true,true,null
Mojang,Mojang/kiwigrid-helm-charts,2020-01-31T12:11:54Z,2,2,null,true,false,mit
Mojang,Mojang/azure-notificationhubs,2018-10-15T19:54:56Z,3,3,Objective-C,true,true,apache-2.0
Mojang,Mojang/cpprestsdk,2018-09-13T21:49:38Z,4,4,null,true,true,other
Mojang,Mojang/jsoncpp,2019-04-23T11:00:56Z,8,8,C++,true,true,other
Mojang,Mojang/googletest,2019-04-05T16:58:56Z,2,2,C++,true,false,bsd-3-clause
Mojang,Mojang/logging-log4j2,2019-02-28T17:01:23Z,3,3,Java,true,false,apache-2.0
Mojang,Mojang/Sift,2014-10-10T08:22:41Z,146,146,JavaScript,true,false,mit
Mojang,Mojang/cotire,2019-02-01T18:27:30Z,4,4,CMake,true,true,mit
Mojang,Mojang/sloedeployinfra,2018-11-12T23:21:20Z,3,3,PowerShell,true,true,null
Mojang,Mojang/aws-elasticache-cluster-client-memcached-for-java,2016-04-20T11:49:42Z,2,2,Java,true,false,other
Mojang,Mojang/appboy-ios-sdk,2018-10-03T18:54:18Z,2,2,Objective-C,true,true,other
Mojang,Mojang/cef,2018-09-12T11:58:56Z,3,3,C++,true,true,other
Mojang,Mojang/mojang.github.io,2017-04-06T22:22:30Z,21,21,JavaScript,true,true,null
Mojang,Mojang/pdqsort,2017-06-30T20:10:56Z,5,5,C++,true,false,zlib
Mojang,Mojang/lwjgl,2014-12-19T09:38:21Z,16,16,Java,true,true,null
Mojang,Mojang/AccountsClient,2013-10-10T11:47:00Z,115,115,Java,true,true,null
Mojang,Mojang/brotli,2015-09-28T12:15:48Z,3,3,C,true,false,apache-2.0
Mojang,Mojang/nautical,2015-03-31T11:42:58Z,3,3,JavaScript,true,true,mit
Mojang,Mojang/gulp-jscs-custom,2015-03-25T09:50:35Z,2,2,JavaScript,true,true,mit
Mojang,Mojang/blixtser,2013-11-04T08:37:51Z,66,66,Java,true,true,mit
Mojang,Mojang/TextureEnder,2013-05-29T12:09:00Z,47,47,Java,true,true,null
Mojang,Mojang/jopt-simple,2013-05-02T10:07:31Z,5,5,Java,true,true,other
Mojang,Mojang/play,2012-04-29T13:15:39Z,13,13,Python,true,true,other
Mojang,Mojang/OrcaSettings,2013-03-21T15:25:54Z,3,3,null,true,false,null
Mojang,Mojang/stats.minecraft.net,2012-05-01T13:41:51Z,42,42,JavaScript,true,true,null
Mojang,Mojang/dcpu-16,2012-10-13T11:53:15Z,16,16,null,true,true,null
Mojang,Mojang/gelfj,2012-04-13T08:02:21Z,4,4,Java,true,true,other
